{
    "101_554": {
        "url": "rtsp://user:password@192.168.0.101:554/stream1",
        "cctv_id": 1,
        "roi_poly_norm": [
            [0.120000, 0.180000],
            [0.840000, 0.180000],
            [0.860000, 0.820000],
            [0.100000, 0.820000]
        ],
        "roi_lines_norm": [
            [0.300000, 0.420000],
            [0.710000, 0.420000]
        ],
        "events": [
            "intrusion",
            "conveyor_crossing",
            "no_helmet"
        ]
    },
    "102_554": {
        "url": "rtsp://user:password@192.168.0.102:554/stream1",
        "cctv_id": 2,
        "roi_poly_norm": [
            [0.180000, 0.220000],
            [0.900000, 0.220000],
            [0.920000, 0.900000],
            [0.150000, 0.900000]
        ],
        "roi_lines_norm": [
            [0.240000, 0.500000],
            [0.830000, 0.460000]
        ],
        "events": [
            "illegal_parking",
            "signal_vehicle"
        ]
    }
}
