timestamp,check_id,camera_key,decision,suspect_count,disturbed_count,abnormal_count,cells_measurable,cells_moving,cells_consistent,consistent_quorum,grid_cells,grid_cells_std,frame_std,anchor_refreshed,healthcheck,reason
2026-09-11T00:02:06+09:00,CAM5_20260911_000206,87_10_stream2,ir_on,0,0,0,,,,,,,,False,False,"IR_ON:CAM5|화각변경 감지안함 sat=0.0 (IR ON<=15.0 / OFF>=25.0) applied_shift=(0.0,0.0)"
2026-09-11T00:02:07+09:00,CAM4_20260911_000207,87_9_h264_2,ir_on,0,0,0,,,,,,,,False,False,"IR_ON:CAM4|화각변경 감지안함 sat=0.0 (IR ON<=15.0 / OFF>=25.0) applied_shift=(0.0,0.0)"
2026-09-11T00:02:12+09:00,CAM1_20260911_000212,87_11_stream2,ir_on,0,0,0,,,,,,,,False,False,"IR_ON:CAM1|화각변경 감지안함 sat=0.0 (IR ON<=15.0 / OFF>=25.0) applied_shift=(0.0,0.0)"
2026-09-11T00:02:13+09:00,CAM6_20260911_000213,87_15_stream2,ir_on,0,0,0,,,,,,,,False,False,"IR_ON:CAM6|화각변경 감지안함 sat=0.0 (IR ON<=15.0 / OFF>=25.0) applied_shift=(0.0,0.0)"
2026-09-11T00:02:13+09:00,CAM3_20260911_000213,87_16_stream2,ir_on,0,0,0,,,,,,,,False,False,"IR_ON:CAM3|화각변경 감지안함 sat=0.0 (IR ON<=15.0 / OFF>=25.0) applied_shift=(0.0,0.0)"
2026-09-11T00:02:37+09:00,CAM2_20260911_000237,87_12_stream2,ir_on,0,0,0,,,,,,,,False,False,"IR_ON:CAM2|화각변경 감지안함 sat=0.0 (IR ON<=15.0 / OFF>=25.0) applied_shift=(0.0,0.0)"
2026-09-11T00:07:06+09:00,CAM5_20260911_000706,87_10_stream2,ir_on,0,0,0,,,,,,,,False,False,"IR_ON:CAM5|화각변경 감지안함 sat=0.0 (IR ON<=15.0 / OFF>=25.0) applied_shift=(0.0,0.0)"
2026-09-11T00:07:07+09:00,CAM4_20260911_000707,87_9_h264_2,ir_on,0,0,0,,,,,,,,False,False,"IR_ON:CAM4|화각변경 감지안함 sat=0.0 (IR ON<=15.0 / OFF>=25.0) applied_shift=(0.0,0.0)"
2026-09-11T00:07:12+09:00,CAM1_20260911_000712,87_11_stream2,ir_on,0,0,0,,,,,,,,False,False,"IR_ON:CAM1|화각변경 감지안함 sat=0.0 (IR ON<=15.0 / OFF>=25.0) applied_shift=(0.0,0.0)"
2026-09-11T00:07:13+09:00,CAM6_20260911_000713,87_15_stream2,ir_on,0,0,0,,,,,,,,False,False,"IR_ON:CAM6|화각변경 감지안함 sat=0.0 (IR ON<=15.0 / OFF>=25.0) applied_shift=(0.0,0.0)"
2026-09-11T00:07:13+09:00,CAM3_20260911_000713,87_16_stream2,ir_on,0,0,0,,,,,,,,False,False,"IR_ON:CAM3|화각변경 감지안함 sat=0.0 (IR ON<=15.0 / OFF>=25.0) applied_shift=(0.0,0.0)"
2026-09-11T00:07:37+09:00,CAM2_20260911_000737,87_12_stream2,ir_on,0,0,0,,,,,,,,False,False,"IR_ON:CAM2|화각변경 감지안함 sat=0.0 (IR ON<=15.0 / OFF>=25.0) applied_shift=(0.0,0.0)"
2026-09-11T00:12:06+09:00,CAM5_20260911_001206,87_10_stream2,ir_on,0,0,0,,,,,,,,False,False,"IR_ON:CAM5|화각변경 감지안함 sat=0.0 (IR ON<=15.0 / OFF>=25.0) applied_shift=(0.0,0.0)"
2026-09-11T00:12:07+09:00,CAM4_20260911_001207,87_9_h264_2,ir_on,0,0,0,,,,,,,,False,False,"IR_ON:CAM4|화각변경 감지안함 sat=0.0 (IR ON<=15.0 / OFF>=25.0) applied_shift=(0.0,0.0)"
2026-09-11T00:12:12+09:00,CAM1_20260911_001212,87_11_stream2,ir_on,0,0,0,,,,,,,,False,False,"IR_ON:CAM1|화각변경 감지안함 sat=0.0 (IR ON<=15.0 / OFF>=25.0) applied_shift=(0.0,0.0)"
2026-09-11T00:12:13+09:00,CAM6_20260911_001213,87_15_stream2,ir_on,0,0,0,,,,,,,,False,False,"IR_ON:CAM6|화각변경 감지안함 sat=0.0 (IR ON<=15.0 / OFF>=25.0) applied_shift=(0.0,0.0)"
2026-09-11T00:12:14+09:00,CAM3_20260911_001214,87_16_stream2,ir_on,0,0,0,,,,,,,,False,False,"IR_ON:CAM3|화각변경 감지안함 sat=0.0 (IR ON<=15.0 / OFF>=25.0) applied_shift=(0.0,0.0)"
2026-09-11T00:12:37+09:00,CAM2_20260911_001237,87_12_stream2,ir_on,0,0,0,,,,,,,,False,False,"IR_ON:CAM2|화각변경 감지안함 sat=0.0 (IR ON<=15.0 / OFF>=25.0) applied_shift=(0.0,0.0)"
2026-09-11T00:17:06+09:00,CAM5_20260911_001706,87_10_stream2,ir_on,0,0,0,,,,,,,,False,False,"IR_ON:CAM5|화각변경 감지안함 sat=0.0 (IR ON<=15.0 / OFF>=25.0) applied_shift=(0.0,0.0)"
2026-09-11T00:17:07+09:00,CAM4_20260911_001707,87_9_h264_2,ir_on,0,0,0,,,,,,,,False,False,"IR_ON:CAM4|화각변경 감지안함 sat=0.0 (IR ON<=15.0 / OFF>=25.0) applied_shift=(0.0,0.0)"
2026-09-11T00:17:13+09:00,CAM1_20260911_001713,87_11_stream2,ir_on,0,0,0,,,,,,,,False,False,"IR_ON:CAM1|화각변경 감지안함 sat=0.0 (IR ON<=15.0 / OFF>=25.0) applied_shift=(0.0,0.0)"
2026-09-11T00:17:13+09:00,CAM6_20260911_001713,87_15_stream2,ir_on,0,0,0,,,,,,,,False,False,"IR_ON:CAM6|화각변경 감지안함 sat=0.0 (IR ON<=15.0 / OFF>=25.0) applied_shift=(0.0,0.0)"
2026-09-11T00:17:14+09:00,CAM3_20260911_001714,87_16_stream2,ir_on,0,0,0,,,,,,,,False,False,"IR_ON:CAM3|화각변경 감지안함 sat=0.0 (IR ON<=15.0 / OFF>=25.0) applied_shift=(0.0,0.0)"
2026-09-11T00:17:37+09:00,CAM2_20260911_001737,87_12_stream2,ir_on,0,0,0,,,,,,,,False,False,"IR_ON:CAM2|화각변경 감지안함 sat=0.0 (IR ON<=15.0 / OFF>=25.0) applied_shift=(0.0,0.0)"
2026-09-11T00:22:06+09:00,CAM5_20260911_002206,87_10_stream2,ir_on,0,0,0,,,,,,,,False,False,"IR_ON:CAM5|화각변경 감지안함 sat=0.0 (IR ON<=15.0 / OFF>=25.0) applied_shift=(0.0,0.0)"
2026-09-11T00:22:07+09:00,CAM4_20260911_002207,87_9_h264_2,ir_on,0,0,0,,,,,,,,False,False,"IR_ON:CAM4|화각변경 감지안함 sat=0.0 (IR ON<=15.0 / OFF>=25.0) applied_shift=(0.0,0.0)"
2026-09-11T00:22:13+09:00,CAM1_20260911_002213,87_11_stream2,ir_on,0,0,0,,,,,,,,False,False,"IR_ON:CAM1|화각변경 감지안함 sat=0.0 (IR ON<=15.0 / OFF>=25.0) applied_shift=(0.0,0.0)"
2026-09-11T00:22:13+09:00,CAM6_20260911_002213,87_15_stream2,ir_on,0,0,0,,,,,,,,False,False,"IR_ON:CAM6|화각변경 감지안함 sat=0.0 (IR ON<=15.0 / OFF>=25.0) applied_shift=(0.0,0.0)"
2026-09-11T00:22:14+09:00,CAM3_20260911_002214,87_16_stream2,ir_on,0,0,0,,,,,,,,False,False,"IR_ON:CAM3|화각변경 감지안함 sat=0.0 (IR ON<=15.0 / OFF>=25.0) applied_shift=(0.0,0.0)"
2026-09-11T00:22:37+09:00,CAM2_20260911_002237,87_12_stream2,ir_on,0,0,0,,,,,,,,False,False,"IR_ON:CAM2|화각변경 감지안함 sat=0.0 (IR ON<=15.0 / OFF>=25.0) applied_shift=(0.0,0.0)"
2026-09-11T00:27:06+09:00,CAM5_20260911_002706,87_10_stream2,ir_on,0,0,0,,,,,,,,False,False,"IR_ON:CAM5|화각변경 감지안함 sat=0.0 (IR ON<=15.0 / OFF>=25.0) applied_shift=(0.0,0.0)"
2026-09-11T00:27:08+09:00,CAM4_20260911_002708,87_9_h264_2,ir_on,0,0,0,,,,,,,,False,False,"IR_ON:CAM4|화각변경 감지안함 sat=0.0 (IR ON<=15.0 / OFF>=25.0) applied_shift=(0.0,0.0)"
2026-09-11T00:27:13+09:00,CAM1_20260911_002713,87_11_stream2,ir_on,0,0,0,,,,,,,,False,False,"IR_ON:CAM1|화각변경 감지안함 sat=0.0 (IR ON<=15.0 / OFF>=25.0) applied_shift=(0.0,0.0)"
2026-09-11T00:27:13+09:00,CAM6_20260911_002713,87_15_stream2,ir_on,0,0,0,,,,,,,,False,False,"IR_ON:CAM6|화각변경 감지안함 sat=0.0 (IR ON<=15.0 / OFF>=25.0) applied_shift=(0.0,0.0)"
2026-09-11T00:27:14+09:00,CAM3_20260911_002714,87_16_stream2,ir_on,0,0,0,,,,,,,,False,False,"IR_ON:CAM3|화각변경 감지안함 sat=0.0 (IR ON<=15.0 / OFF>=25.0) applied_shift=(0.0,0.0)"
2026-09-11T00:27:37+09:00,CAM2_20260911_002737,87_12_stream2,ir_on,0,0,0,,,,,,,,False,False,"IR_ON:CAM2|화각변경 감지안함 sat=0.0 (IR ON<=15.0 / OFF>=25.0) applied_shift=(0.0,0.0)"
2026-09-11T00:32:06+09:00,CAM5_20260911_003206,87_10_stream2,ir_on,0,0,0,,,,,,,,False,False,"IR_ON:CAM5|화각변경 감지안함 sat=0.0 (IR ON<=15.0 / OFF>=25.0) applied_shift=(0.0,0.0)"
2026-09-11T00:32:08+09:00,CAM4_20260911_003208,87_9_h264_2,ir_on,0,0,0,,,,,,,,False,False,"IR_ON:CAM4|화각변경 감지안함 sat=0.0 (IR ON<=15.0 / OFF>=25.0) applied_shift=(0.0,0.0)"
2026-09-11T00:32:13+09:00,CAM1_20260911_003213,87_11_stream2,ir_on,0,0,0,,,,,,,,False,False,"IR_ON:CAM1|화각변경 감지안함 sat=0.0 (IR ON<=15.0 / OFF>=25.0) applied_shift=(0.0,0.0)"
2026-09-11T00:32:14+09:00,CAM6_20260911_003214,87_15_stream2,ir_on,0,0,0,,,,,,,,False,False,"IR_ON:CAM6|화각변경 감지안함 sat=0.0 (IR ON<=15.0 / OFF>=25.0) applied_shift=(0.0,0.0)"
2026-09-11T00:32:14+09:00,CAM3_20260911_003214,87_16_stream2,ir_on,0,0,0,,,,,,,,False,False,"IR_ON:CAM3|화각변경 감지안함 sat=0.0 (IR ON<=15.0 / OFF>=25.0) applied_shift=(0.0,0.0)"
2026-09-11T00:32:37+09:00,CAM2_20260911_003237,87_12_stream2,ir_on,0,0,0,,,,,,,,False,False,"IR_ON:CAM2|화각변경 감지안함 sat=0.0 (IR ON<=15.0 / OFF>=25.0) applied_shift=(0.0,0.0)"
2026-09-11T00:37:06+09:00,CAM5_20260911_003706,87_10_stream2,ir_on,0,0,0,,,,,,,,False,False,"IR_ON:CAM5|화각변경 감지안함 sat=0.0 (IR ON<=15.0 / OFF>=25.0) applied_shift=(0.0,0.0)"
2026-09-11T00:37:08+09:00,CAM4_20260911_003708,87_9_h264_2,ir_on,0,0,0,,,,,,,,False,False,"IR_ON:CAM4|화각변경 감지안함 sat=0.0 (IR ON<=15.0 / OFF>=25.0) applied_shift=(0.0,0.0)"
2026-09-11T00:37:13+09:00,CAM1_20260911_003713,87_11_stream2,ir_on,0,0,0,,,,,,,,False,False,"IR_ON:CAM1|화각변경 감지안함 sat=0.0 (IR ON<=15.0 / OFF>=25.0) applied_shift=(0.0,0.0)"
2026-09-11T00:37:14+09:00,CAM6_20260911_003714,87_15_stream2,ir_on,0,0,0,,,,,,,,False,False,"IR_ON:CAM6|화각변경 감지안함 sat=0.0 (IR ON<=15.0 / OFF>=25.0) applied_shift=(0.0,0.0)"
2026-09-11T00:37:14+09:00,CAM3_20260911_003714,87_16_stream2,ir_on,0,0,0,,,,,,,,False,False,"IR_ON:CAM3|화각변경 감지안함 sat=0.0 (IR ON<=15.0 / OFF>=25.0) applied_shift=(0.0,0.0)"
2026-09-11T00:37:37+09:00,CAM2_20260911_003737,87_12_stream2,ir_on,0,0,0,,,,,,,,False,False,"IR_ON:CAM2|화각변경 감지안함 sat=0.0 (IR ON<=15.0 / OFF>=25.0) applied_shift=(0.0,0.0)"
2026-09-11T00:42:06+09:00,CAM5_20260911_004206,87_10_stream2,ir_on,0,0,0,,,,,,,,False,False,"IR_ON:CAM5|화각변경 감지안함 sat=0.0 (IR ON<=15.0 / OFF>=25.0) applied_shift=(0.0,0.0)"
2026-09-11T00:42:08+09:00,CAM4_20260911_004208,87_9_h264_2,ir_on,0,0,0,,,,,,,,False,False,"IR_ON:CAM4|화각변경 감지안함 sat=0.0 (IR ON<=15.0 / OFF>=25.0) applied_shift=(0.0,0.0)"
2026-09-11T00:42:13+09:00,CAM1_20260911_004213,87_11_stream2,ir_on,0,0,0,,,,,,,,False,False,"IR_ON:CAM1|화각변경 감지안함 sat=0.0 (IR ON<=15.0 / OFF>=25.0) applied_shift=(0.0,0.0)"
2026-09-11T00:42:14+09:00,CAM6_20260911_004214,87_15_stream2,ir_on,0,0,0,,,,,,,,False,False,"IR_ON:CAM6|화각변경 감지안함 sat=0.0 (IR ON<=15.0 / OFF>=25.0) applied_shift=(0.0,0.0)"
2026-09-11T00:42:14+09:00,CAM3_20260911_004214,87_16_stream2,ir_on,0,0,0,,,,,,,,False,False,"IR_ON:CAM3|화각변경 감지안함 sat=0.0 (IR ON<=15.0 / OFF>=25.0) applied_shift=(0.0,0.0)"
2026-09-11T00:42:37+09:00,CAM2_20260911_004237,87_12_stream2,ir_on,0,0,0,,,,,,,,False,False,"IR_ON:CAM2|화각변경 감지안함 sat=0.0 (IR ON<=15.0 / OFF>=25.0) applied_shift=(0.0,0.0)"
2026-09-11T00:47:06+09:00,CAM5_20260911_004706,87_10_stream2,ir_on,0,0,0,,,,,,,,False,False,"IR_ON:CAM5|화각변경 감지안함 sat=0.0 (IR ON<=15.0 / OFF>=25.0) applied_shift=(0.0,0.0)"
2026-09-11T00:47:08+09:00,CAM4_20260911_004708,87_9_h264_2,ir_on,0,0,0,,,,,,,,False,False,"IR_ON:CAM4|화각변경 감지안함 sat=0.0 (IR ON<=15.0 / OFF>=25.0) applied_shift=(0.0,0.0)"
2026-09-11T00:47:14+09:00,CAM1_20260911_004714,87_11_stream2,ir_on,0,0,0,,,,,,,,False,False,"IR_ON:CAM1|화각변경 감지안함 sat=0.0 (IR ON<=15.0 / OFF>=25.0) applied_shift=(0.0,0.0)"
2026-09-11T00:47:14+09:00,CAM6_20260911_004714,87_15_stream2,ir_on,0,0,0,,,,,,,,False,False,"IR_ON:CAM6|화각변경 감지안함 sat=0.0 (IR ON<=15.0 / OFF>=25.0) applied_shift=(0.0,0.0)"
2026-09-11T00:47:15+09:00,CAM3_20260911_004715,87_16_stream2,ir_on,0,0,0,,,,,,,,False,False,"IR_ON:CAM3|화각변경 감지안함 sat=0.0 (IR ON<=15.0 / OFF>=25.0) applied_shift=(0.0,0.0)"
2026-09-11T00:47:37+09:00,CAM2_20260911_004737,87_12_stream2,ir_on,0,0,0,,,,,,,,False,False,"IR_ON:CAM2|화각변경 감지안함 sat=0.0 (IR ON<=15.0 / OFF>=25.0) applied_shift=(0.0,0.0)"
2026-09-11T00:52:06+09:00,CAM5_20260911_005206,87_10_stream2,ir_on,0,0,0,,,,,,,,False,False,"IR_ON:CAM5|화각변경 감지안함 sat=0.0 (IR ON<=15.0 / OFF>=25.0) applied_shift=(0.0,0.0)"
2026-09-11T00:52:09+09:00,CAM4_20260911_005209,87_9_h264_2,ir_on,0,0,0,,,,,,,,False,False,"IR_ON:CAM4|화각변경 감지안함 sat=0.0 (IR ON<=15.0 / OFF>=25.0) applied_shift=(0.0,0.0)"
2026-09-11T00:52:14+09:00,CAM1_20260911_005214,87_11_stream2,ir_on,0,0,0,,,,,,,,False,False,"IR_ON:CAM1|화각변경 감지안함 sat=0.0 (IR ON<=15.0 / OFF>=25.0) applied_shift=(0.0,0.0)"
2026-09-11T00:52:14+09:00,CAM6_20260911_005214,87_15_stream2,ir_on,0,0,0,,,,,,,,False,False,"IR_ON:CAM6|화각변경 감지안함 sat=0.0 (IR ON<=15.0 / OFF>=25.0) applied_shift=(0.0,0.0)"
2026-09-11T00:52:15+09:00,CAM3_20260911_005215,87_16_stream2,ir_on,0,0,0,,,,,,,,False,False,"IR_ON:CAM3|화각변경 감지안함 sat=0.0 (IR ON<=15.0 / OFF>=25.0) applied_shift=(0.0,0.0)"
2026-09-11T00:52:37+09:00,CAM2_20260911_005237,87_12_stream2,ir_on,0,0,0,,,,,,,,False,False,"IR_ON:CAM2|화각변경 감지안함 sat=0.0 (IR ON<=15.0 / OFF>=25.0) applied_shift=(0.0,0.0)"
2026-09-11T00:57:06+09:00,CAM5_20260911_005706,87_10_stream2,ir_on,0,0,0,,,,,,,,False,False,"IR_ON:CAM5|화각변경 감지안함 sat=0.0 (IR ON<=15.0 / OFF>=25.0) applied_shift=(0.0,0.0)"
2026-09-11T00:57:09+09:00,CAM4_20260911_005709,87_9_h264_2,ir_on,0,0,0,,,,,,,,False,False,"IR_ON:CAM4|화각변경 감지안함 sat=0.0 (IR ON<=15.0 / OFF>=25.0) applied_shift=(0.0,0.0)"
2026-09-11T00:57:14+09:00,CAM1_20260911_005714,87_11_stream2,ir_on,0,0,0,,,,,,,,False,False,"IR_ON:CAM1|화각변경 감지안함 sat=0.0 (IR ON<=15.0 / OFF>=25.0) applied_shift=(0.0,0.0)"
2026-09-11T00:57:14+09:00,CAM6_20260911_005714,87_15_stream2,ir_on,0,0,0,,,,,,,,False,False,"IR_ON:CAM6|화각변경 감지안함 sat=0.0 (IR ON<=15.0 / OFF>=25.0) applied_shift=(0.0,0.0)"
2026-09-11T00:57:15+09:00,CAM3_20260911_005715,87_16_stream2,ir_on,0,0,0,,,,,,,,False,False,"IR_ON:CAM3|화각변경 감지안함 sat=0.0 (IR ON<=15.0 / OFF>=25.0) applied_shift=(0.0,0.0)"
2026-09-11T00:57:37+09:00,CAM2_20260911_005737,87_12_stream2,ir_on,0,0,0,,,,,,,,False,False,"IR_ON:CAM2|화각변경 감지안함 sat=0.0 (IR ON<=15.0 / OFF>=25.0) applied_shift=(0.0,0.0)"
2026-09-11T01:02:06+09:00,CAM5_20260911_010206,87_10_stream2,ir_on,0,0,0,,,,,,,,False,False,"IR_ON:CAM5|화각변경 감지안함 sat=0.0 (IR ON<=15.0 / OFF>=25.0) applied_shift=(0.0,0.0)"
2026-09-11T01:02:09+09:00,CAM4_20260911_010209,87_9_h264_2,ir_on,0,0,0,,,,,,,,False,False,"IR_ON:CAM4|화각변경 감지안함 sat=0.0 (IR ON<=15.0 / OFF>=25.0) applied_shift=(0.0,0.0)"
2026-09-11T01:02:14+09:00,CAM1_20260911_010214,87_11_stream2,ir_on,0,0,0,,,,,,,,False,False,"IR_ON:CAM1|화각변경 감지안함 sat=0.0 (IR ON<=15.0 / OFF>=25.0) applied_shift=(0.0,0.0)"
2026-09-11T01:02:15+09:00,CAM6_20260911_010215,87_15_stream2,ir_on,0,0,0,,,,,,,,False,False,"IR_ON:CAM6|화각변경 감지안함 sat=0.0 (IR ON<=15.0 / OFF>=25.0) applied_shift=(0.0,0.0)"
2026-09-11T01:02:15+09:00,CAM3_20260911_010215,87_16_stream2,ir_on,0,0,0,,,,,,,,False,False,"IR_ON:CAM3|화각변경 감지안함 sat=0.0 (IR ON<=15.0 / OFF>=25.0) applied_shift=(0.0,0.0)"
2026-09-11T01:02:37+09:00,CAM2_20260911_010237,87_12_stream2,ir_on,0,0,0,,,,,,,,False,False,"IR_ON:CAM2|화각변경 감지안함 sat=0.0 (IR ON<=15.0 / OFF>=25.0) applied_shift=(0.0,0.0)"
2026-09-11T01:07:06+09:00,CAM5_20260911_010706,87_10_stream2,ir_on,0,0,0,,,,,,,,False,False,"IR_ON:CAM5|화각변경 감지안함 sat=0.0 (IR ON<=15.0 / OFF>=25.0) applied_shift=(0.0,0.0)"
2026-09-11T01:07:09+09:00,CAM4_20260911_010709,87_9_h264_2,ir_on,0,0,0,,,,,,,,False,False,"IR_ON:CAM4|화각변경 감지안함 sat=0.0 (IR ON<=15.0 / OFF>=25.0) applied_shift=(0.0,0.0)"
2026-09-11T01:07:14+09:00,CAM1_20260911_010714,87_11_stream2,ir_on,0,0,0,,,,,,,,False,False,"IR_ON:CAM1|화각변경 감지안함 sat=0.0 (IR ON<=15.0 / OFF>=25.0) applied_shift=(0.0,0.0)"
2026-09-11T01:07:15+09:00,CAM6_20260911_010715,87_15_stream2,ir_on,0,0,0,,,,,,,,False,False,"IR_ON:CAM6|화각변경 감지안함 sat=0.0 (IR ON<=15.0 / OFF>=25.0) applied_shift=(0.0,0.0)"
2026-09-11T01:07:15+09:00,CAM3_20260911_010715,87_16_stream2,ir_on,0,0,0,,,,,,,,False,False,"IR_ON:CAM3|화각변경 감지안함 sat=0.0 (IR ON<=15.0 / OFF>=25.0) applied_shift=(0.0,0.0)"
2026-09-11T01:07:37+09:00,CAM2_20260911_010737,87_12_stream2,ir_on,0,0,0,,,,,,,,False,False,"IR_ON:CAM2|화각변경 감지안함 sat=0.0 (IR ON<=15.0 / OFF>=25.0) applied_shift=(0.0,0.0)"
2026-09-11T01:12:06+09:00,CAM5_20260911_011206,87_10_stream2,ir_on,0,0,0,,,,,,,,False,False,"IR_ON:CAM5|화각변경 감지안함 sat=0.0 (IR ON<=15.0 / OFF>=25.0) applied_shift=(0.0,0.0)"
2026-09-11T01:12:09+09:00,CAM4_20260911_011209,87_9_h264_2,ir_on,0,0,0,,,,,,,,False,False,"IR_ON:CAM4|화각변경 감지안함 sat=0.0 (IR ON<=15.0 / OFF>=25.0) applied_shift=(0.0,0.0)"
2026-09-11T01:12:14+09:00,CAM1_20260911_011214,87_11_stream2,ir_on,0,0,0,,,,,,,,False,False,"IR_ON:CAM1|화각변경 감지안함 sat=0.0 (IR ON<=15.0 / OFF>=25.0) applied_shift=(0.0,0.0)"
2026-09-11T01:12:15+09:00,CAM6_20260911_011215,87_15_stream2,ir_on,0,0,0,,,,,,,,False,False,"IR_ON:CAM6|화각변경 감지안함 sat=0.0 (IR ON<=15.0 / OFF>=25.0) applied_shift=(0.0,0.0)"
2026-09-11T01:12:15+09:00,CAM3_20260911_011215,87_16_stream2,ir_on,0,0,0,,,,,,,,False,False,"IR_ON:CAM3|화각변경 감지안함 sat=0.0 (IR ON<=15.0 / OFF>=25.0) applied_shift=(0.0,0.0)"
2026-09-11T01:12:37+09:00,CAM2_20260911_011237,87_12_stream2,ir_on,0,0,0,,,,,,,,False,False,"IR_ON:CAM2|화각변경 감지안함 sat=0.0 (IR ON<=15.0 / OFF>=25.0) applied_shift=(0.0,0.0)"
2026-09-11T01:17:07+09:00,CAM5_20260911_011707,87_10_stream2,ir_on,0,0,0,,,,,,,,False,False,"IR_ON:CAM5|화각변경 감지안함 sat=0.0 (IR ON<=15.0 / OFF>=25.0) applied_shift=(0.0,0.0)"
2026-09-11T01:17:09+09:00,CAM4_20260911_011709,87_9_h264_2,ir_on,0,0,0,,,,,,,,False,False,"IR_ON:CAM4|화각변경 감지안함 sat=0.0 (IR ON<=15.0 / OFF>=25.0) applied_shift=(0.0,0.0)"
2026-09-11T01:17:15+09:00,CAM6_20260911_011715,87_15_stream2,ir_on,0,0,0,,,,,,,,False,False,"IR_ON:CAM6|화각변경 감지안함 sat=0.0 (IR ON<=15.0 / OFF>=25.0) applied_shift=(0.0,0.0)"
2026-09-11T01:17:15+09:00,CAM1_20260911_011715,87_11_stream2,ir_on,0,0,0,,,,,,,,False,False,"IR_ON:CAM1|화각변경 감지안함 sat=0.0 (IR ON<=15.0 / OFF>=25.0) applied_shift=(0.0,0.0)"
2026-09-11T01:17:15+09:00,CAM3_20260911_011715,87_16_stream2,ir_on,0,0,0,,,,,,,,False,False,"IR_ON:CAM3|화각변경 감지안함 sat=0.0 (IR ON<=15.0 / OFF>=25.0) applied_shift=(0.0,0.0)"
2026-09-11T01:17:37+09:00,CAM2_20260911_011737,87_12_stream2,ir_on,0,0,0,,,,,,,,False,False,"IR_ON:CAM2|화각변경 감지안함 sat=0.0 (IR ON<=15.0 / OFF>=25.0) applied_shift=(0.0,0.0)"
2026-09-11T01:22:07+09:00,CAM5_20260911_012207,87_10_stream2,ir_on,0,0,0,,,,,,,,False,False,"IR_ON:CAM5|화각변경 감지안함 sat=0.0 (IR ON<=15.0 / OFF>=25.0) applied_shift=(0.0,0.0)"
2026-09-11T01:22:09+09:00,CAM4_20260911_012209,87_9_h264_2,ir_on,0,0,0,,,,,,,,False,False,"IR_ON:CAM4|화각변경 감지안함 sat=0.0 (IR ON<=15.0 / OFF>=25.0) applied_shift=(0.0,0.0)"
2026-09-11T01:22:15+09:00,CAM6_20260911_012215,87_15_stream2,ir_on,0,0,0,,,,,,,,False,False,"IR_ON:CAM6|화각변경 감지안함 sat=0.0 (IR ON<=15.0 / OFF>=25.0) applied_shift=(0.0,0.0)"
2026-09-11T01:22:15+09:00,CAM1_20260911_012215,87_11_stream2,ir_on,0,0,0,,,,,,,,False,False,"IR_ON:CAM1|화각변경 감지안함 sat=0.0 (IR ON<=15.0 / OFF>=25.0) applied_shift=(0.0,0.0)"
2026-09-11T01:22:16+09:00,CAM3_20260911_012216,87_16_stream2,ir_on,0,0,0,,,,,,,,False,False,"IR_ON:CAM3|화각변경 감지안함 sat=0.0 (IR ON<=15.0 / OFF>=25.0) applied_shift=(0.0,0.0)"
2026-09-11T01:22:37+09:00,CAM2_20260911_012237,87_12_stream2,ir_on,0,0,0,,,,,,,,False,False,"IR_ON:CAM2|화각변경 감지안함 sat=0.0 (IR ON<=15.0 / OFF>=25.0) applied_shift=(0.0,0.0)"
2026-09-11T01:27:07+09:00,CAM5_20260911_012707,87_10_stream2,ir_on,0,0,0,,,,,,,,False,False,"IR_ON:CAM5|화각변경 감지안함 sat=0.0 (IR ON<=15.0 / OFF>=25.0) applied_shift=(0.0,0.0)"
2026-09-11T01:27:09+09:00,CAM4_20260911_012709,87_9_h264_2,ir_on,0,0,0,,,,,,,,False,False,"IR_ON:CAM4|화각변경 감지안함 sat=0.0 (IR ON<=15.0 / OFF>=25.0) applied_shift=(0.0,0.0)"
2026-09-11T01:27:15+09:00,CAM6_20260911_012715,87_15_stream2,ir_on,0,0,0,,,,,,,,False,False,"IR_ON:CAM6|화각변경 감지안함 sat=0.0 (IR ON<=15.0 / OFF>=25.0) applied_shift=(0.0,0.0)"
2026-09-11T01:27:15+09:00,CAM1_20260911_012715,87_11_stream2,ir_on,0,0,0,,,,,,,,False,False,"IR_ON:CAM1|화각변경 감지안함 sat=0.0 (IR ON<=15.0 / OFF>=25.0) applied_shift=(0.0,0.0)"
2026-09-11T01:27:16+09:00,CAM3_20260911_012716,87_16_stream2,ir_on,0,0,0,,,,,,,,False,False,"IR_ON:CAM3|화각변경 감지안함 sat=0.0 (IR ON<=15.0 / OFF>=25.0) applied_shift=(0.0,0.0)"
2026-09-11T01:27:38+09:00,CAM2_20260911_012738,87_12_stream2,ir_on,0,0,0,,,,,,,,False,False,"IR_ON:CAM2|화각변경 감지안함 sat=0.0 (IR ON<=15.0 / OFF>=25.0) applied_shift=(0.0,0.0)"
2026-09-11T01:32:07+09:00,CAM5_20260911_013207,87_10_stream2,ir_on,0,0,0,,,,,,,,False,False,"IR_ON:CAM5|화각변경 감지안함 sat=0.0 (IR ON<=15.0 / OFF>=25.0) applied_shift=(0.0,0.0)"
2026-09-11T01:32:09+09:00,CAM4_20260911_013209,87_9_h264_2,ir_on,0,0,0,,,,,,,,False,False,"IR_ON:CAM4|화각변경 감지안함 sat=0.0 (IR ON<=15.0 / OFF>=25.0) applied_shift=(0.0,0.0)"
2026-09-11T01:32:15+09:00,CAM6_20260911_013215,87_15_stream2,ir_on,0,0,0,,,,,,,,False,False,"IR_ON:CAM6|화각변경 감지안함 sat=0.0 (IR ON<=15.0 / OFF>=25.0) applied_shift=(0.0,0.0)"
2026-09-11T01:32:16+09:00,CAM1_20260911_013216,87_11_stream2,ir_on,0,0,0,,,,,,,,False,False,"IR_ON:CAM1|화각변경 감지안함 sat=0.0 (IR ON<=15.0 / OFF>=25.0) applied_shift=(0.0,0.0)"
2026-09-11T01:32:16+09:00,CAM3_20260911_013216,87_16_stream2,ir_on,0,0,0,,,,,,,,False,False,"IR_ON:CAM3|화각변경 감지안함 sat=0.0 (IR ON<=15.0 / OFF>=25.0) applied_shift=(0.0,0.0)"
2026-09-11T01:32:38+09:00,CAM2_20260911_013238,87_12_stream2,ir_on,0,0,0,,,,,,,,False,False,"IR_ON:CAM2|화각변경 감지안함 sat=0.0 (IR ON<=15.0 / OFF>=25.0) applied_shift=(0.0,0.0)"
2026-09-11T01:37:07+09:00,CAM5_20260911_013707,87_10_stream2,ir_on,0,0,0,,,,,,,,False,False,"IR_ON:CAM5|화각변경 감지안함 sat=0.0 (IR ON<=15.0 / OFF>=25.0) applied_shift=(0.0,0.0)"
2026-09-11T01:37:09+09:00,CAM4_20260911_013709,87_9_h264_2,ir_on,0,0,0,,,,,,,,False,False,"IR_ON:CAM4|화각변경 감지안함 sat=0.0 (IR ON<=15.0 / OFF>=25.0) applied_shift=(0.0,0.0)"
2026-09-11T01:37:15+09:00,CAM6_20260911_013715,87_15_stream2,ir_on,0,0,0,,,,,,,,False,False,"IR_ON:CAM6|화각변경 감지안함 sat=0.0 (IR ON<=15.0 / OFF>=25.0) applied_shift=(0.0,0.0)"
2026-09-11T01:37:16+09:00,CAM1_20260911_013716,87_11_stream2,ir_on,0,0,0,,,,,,,,False,False,"IR_ON:CAM1|화각변경 감지안함 sat=0.0 (IR ON<=15.0 / OFF>=25.0) applied_shift=(0.0,0.0)"
2026-09-11T01:37:16+09:00,CAM3_20260911_013716,87_16_stream2,ir_on,0,0,0,,,,,,,,False,False,"IR_ON:CAM3|화각변경 감지안함 sat=0.0 (IR ON<=15.0 / OFF>=25.0) applied_shift=(0.0,0.0)"
2026-09-11T01:37:38+09:00,CAM2_20260911_013738,87_12_stream2,ir_on,0,0,0,,,,,,,,False,False,"IR_ON:CAM2|화각변경 감지안함 sat=0.0 (IR ON<=15.0 / OFF>=25.0) applied_shift=(0.0,0.0)"
2026-09-11T01:42:07+09:00,CAM5_20260911_014207,87_10_stream2,ir_on,0,0,0,,,,,,,,False,False,"IR_ON:CAM5|화각변경 감지안함 sat=0.0 (IR ON<=15.0 / OFF>=25.0) applied_shift=(0.0,0.0)"
2026-09-11T01:42:09+09:00,CAM4_20260911_014209,87_9_h264_2,ir_on,0,0,0,,,,,,,,False,False,"IR_ON:CAM4|화각변경 감지안함 sat=0.0 (IR ON<=15.0 / OFF>=25.0) applied_shift=(0.0,0.0)"
2026-09-11T01:42:15+09:00,CAM6_20260911_014215,87_15_stream2,ir_on,0,0,0,,,,,,,,False,False,"IR_ON:CAM6|화각변경 감지안함 sat=0.0 (IR ON<=15.0 / OFF>=25.0) applied_shift=(0.0,0.0)"
2026-09-11T01:42:16+09:00,CAM3_20260911_014216,87_16_stream2,ir_on,0,0,0,,,,,,,,False,False,"IR_ON:CAM3|화각변경 감지안함 sat=0.0 (IR ON<=15.0 / OFF>=25.0) applied_shift=(0.0,0.0)"
2026-09-11T01:42:16+09:00,CAM1_20260911_014216,87_11_stream2,ir_on,0,0,0,,,,,,,,False,False,"IR_ON:CAM1|화각변경 감지안함 sat=0.0 (IR ON<=15.0 / OFF>=25.0) applied_shift=(0.0,0.0)"
2026-09-11T01:42:38+09:00,CAM2_20260911_014238,87_12_stream2,ir_on,0,0,0,,,,,,,,False,False,"IR_ON:CAM2|화각변경 감지안함 sat=0.0 (IR ON<=15.0 / OFF>=25.0) applied_shift=(0.0,0.0)"
2026-09-11T01:47:10+09:00,CAM4_20260911_014710,87_9_h264_2,ir_on,0,0,0,,,,,,,,False,False,"IR_ON:CAM4|화각변경 감지안함 sat=0.0 (IR ON<=15.0 / OFF>=25.0) applied_shift=(0.0,0.0)"
2026-09-11T01:47:15+09:00,CAM6_20260911_014715,87_15_stream2,ir_on,0,0,0,,,,,,,,False,False,"IR_ON:CAM6|화각변경 감지안함 sat=0.0 (IR ON<=15.0 / OFF>=25.0) applied_shift=(0.0,0.0)"
2026-09-11T01:47:16+09:00,CAM3_20260911_014716,87_16_stream2,ir_on,0,0,0,,,,,,,,False,False,"IR_ON:CAM3|화각변경 감지안함 sat=0.0 (IR ON<=15.0 / OFF>=25.0) applied_shift=(0.0,0.0)"
2026-09-11T01:47:16+09:00,CAM1_20260911_014716,87_11_stream2,ir_on,0,0,0,,,,,,,,False,False,"IR_ON:CAM1|화각변경 감지안함 sat=0.0 (IR ON<=15.0 / OFF>=25.0) applied_shift=(0.0,0.0)"
2026-09-11T01:47:38+09:00,CAM2_20260911_014738,87_12_stream2,ir_on,0,0,0,,,,,,,,False,False,"IR_ON:CAM2|화각변경 감지안함 sat=0.0 (IR ON<=15.0 / OFF>=25.0) applied_shift=(0.0,0.0)"
2026-09-11T01:52:07+09:00,CAM5_20260911_015207,87_10_stream2,ir_on,0,0,0,,,,,,,,False,False,"IR_ON:CAM5|화각변경 감지안함 sat=0.0 (IR ON<=15.0 / OFF>=25.0) applied_shift=(0.0,0.0)"
2026-09-11T01:52:10+09:00,CAM4_20260911_015210,87_9_h264_2,ir_on,0,0,0,,,,,,,,False,False,"IR_ON:CAM4|화각변경 감지안함 sat=0.0 (IR ON<=15.0 / OFF>=25.0) applied_shift=(0.0,0.0)"
2026-09-11T01:52:16+09:00,CAM6_20260911_015216,87_15_stream2,ir_on,0,0,0,,,,,,,,False,False,"IR_ON:CAM6|화각변경 감지안함 sat=0.0 (IR ON<=15.0 / OFF>=25.0) applied_shift=(0.0,0.0)"
2026-09-11T01:52:16+09:00,CAM3_20260911_015216,87_16_stream2,ir_on,0,0,0,,,,,,,,False,False,"IR_ON:CAM3|화각변경 감지안함 sat=0.0 (IR ON<=15.0 / OFF>=25.0) applied_shift=(0.0,0.0)"
2026-09-11T01:52:16+09:00,CAM1_20260911_015216,87_11_stream2,ir_on,0,0,0,,,,,,,,False,False,"IR_ON:CAM1|화각변경 감지안함 sat=0.0 (IR ON<=15.0 / OFF>=25.0) applied_shift=(0.0,0.0)"
2026-09-11T01:52:38+09:00,CAM2_20260911_015238,87_12_stream2,ir_on,0,0,0,,,,,,,,False,False,"IR_ON:CAM2|화각변경 감지안함 sat=0.0 (IR ON<=15.0 / OFF>=25.0) applied_shift=(0.0,0.0)"
2026-09-11T01:57:07+09:00,CAM5_20260911_015707,87_10_stream2,ir_on,0,0,0,,,,,,,,False,False,"IR_ON:CAM5|화각변경 감지안함 sat=0.0 (IR ON<=15.0 / OFF>=25.0) applied_shift=(0.0,0.0)"
2026-09-11T01:57:10+09:00,CAM4_20260911_015710,87_9_h264_2,ir_on,0,0,0,,,,,,,,False,False,"IR_ON:CAM4|화각변경 감지안함 sat=0.0 (IR ON<=15.0 / OFF>=25.0) applied_shift=(0.0,0.0)"
2026-09-11T01:57:16+09:00,CAM6_20260911_015716,87_15_stream2,ir_on,0,0,0,,,,,,,,False,False,"IR_ON:CAM6|화각변경 감지안함 sat=0.0 (IR ON<=15.0 / OFF>=25.0) applied_shift=(0.0,0.0)"
2026-09-11T01:57:17+09:00,CAM1_20260911_015717,87_11_stream2,ir_on,0,0,0,,,,,,,,False,False,"IR_ON:CAM1|화각변경 감지안함 sat=0.0 (IR ON<=15.0 / OFF>=25.0) applied_shift=(0.0,0.0)"
2026-09-11T01:57:17+09:00,CAM3_20260911_015717,87_16_stream2,ir_on,0,0,0,,,,,,,,False,False,"IR_ON:CAM3|화각변경 감지안함 sat=0.0 (IR ON<=15.0 / OFF>=25.0) applied_shift=(0.0,0.0)"
2026-09-11T01:57:38+09:00,CAM2_20260911_015738,87_12_stream2,ir_on,0,0,0,,,,,,,,False,False,"IR_ON:CAM2|화각변경 감지안함 sat=0.0 (IR ON<=15.0 / OFF>=25.0) applied_shift=(0.0,0.0)"
2026-09-11T02:02:07+09:00,CAM5_20260911_020207,87_10_stream2,ir_on,0,0,0,,,,,,,,False,False,"IR_ON:CAM5|화각변경 감지안함 sat=0.0 (IR ON<=15.0 / OFF>=25.0) applied_shift=(0.0,0.0)"
2026-09-11T02:02:10+09:00,CAM4_20260911_020210,87_9_h264_2,ir_on,0,0,0,,,,,,,,False,False,"IR_ON:CAM4|화각변경 감지안함 sat=0.0 (IR ON<=15.0 / OFF>=25.0) applied_shift=(0.0,0.0)"
2026-09-11T02:02:16+09:00,CAM6_20260911_020216,87_15_stream2,ir_on,0,0,0,,,,,,,,False,False,"IR_ON:CAM6|화각변경 감지안함 sat=0.0 (IR ON<=15.0 / OFF>=25.0) applied_shift=(0.0,0.0)"
2026-09-11T02:02:17+09:00,CAM1_20260911_020217,87_11_stream2,ir_on,0,0,0,,,,,,,,False,False,"IR_ON:CAM1|화각변경 감지안함 sat=0.0 (IR ON<=15.0 / OFF>=25.0) applied_shift=(0.0,0.0)"
2026-09-11T02:02:17+09:00,CAM3_20260911_020217,87_16_stream2,ir_on,0,0,0,,,,,,,,False,False,"IR_ON:CAM3|화각변경 감지안함 sat=0.0 (IR ON<=15.0 / OFF>=25.0) applied_shift=(0.0,0.0)"
2026-09-11T02:02:38+09:00,CAM2_20260911_020238,87_12_stream2,ir_on,0,0,0,,,,,,,,False,False,"IR_ON:CAM2|화각변경 감지안함 sat=0.0 (IR ON<=15.0 / OFF>=25.0) applied_shift=(0.0,0.0)"
2026-09-11T02:07:07+09:00,CAM5_20260911_020707,87_10_stream2,ir_on,0,0,0,,,,,,,,False,False,"IR_ON:CAM5|화각변경 감지안함 sat=0.0 (IR ON<=15.0 / OFF>=25.0) applied_shift=(0.0,0.0)"
2026-09-11T02:07:10+09:00,CAM4_20260911_020710,87_9_h264_2,ir_on,0,0,0,,,,,,,,False,False,"IR_ON:CAM4|화각변경 감지안함 sat=0.0 (IR ON<=15.0 / OFF>=25.0) applied_shift=(0.0,0.0)"
2026-09-11T02:07:16+09:00,CAM6_20260911_020716,87_15_stream2,ir_on,0,0,0,,,,,,,,False,False,"IR_ON:CAM6|화각변경 감지안함 sat=0.0 (IR ON<=15.0 / OFF>=25.0) applied_shift=(0.0,0.0)"
2026-09-11T02:07:17+09:00,CAM1_20260911_020717,87_11_stream2,ir_on,0,0,0,,,,,,,,False,False,"IR_ON:CAM1|화각변경 감지안함 sat=0.0 (IR ON<=15.0 / OFF>=25.0) applied_shift=(0.0,0.0)"
2026-09-11T02:07:17+09:00,CAM3_20260911_020717,87_16_stream2,ir_on,0,0,0,,,,,,,,False,False,"IR_ON:CAM3|화각변경 감지안함 sat=0.0 (IR ON<=15.0 / OFF>=25.0) applied_shift=(0.0,0.0)"
2026-09-11T02:07:38+09:00,CAM2_20260911_020738,87_12_stream2,ir_on,0,0,0,,,,,,,,False,False,"IR_ON:CAM2|화각변경 감지안함 sat=0.0 (IR ON<=15.0 / OFF>=25.0) applied_shift=(0.0,0.0)"
2026-09-11T02:12:07+09:00,CAM5_20260911_021207,87_10_stream2,ir_on,0,0,0,,,,,,,,False,False,"IR_ON:CAM5|화각변경 감지안함 sat=0.0 (IR ON<=15.0 / OFF>=25.0) applied_shift=(0.0,0.0)"
2026-09-11T02:12:10+09:00,CAM4_20260911_021210,87_9_h264_2,ir_on,0,0,0,,,,,,,,False,False,"IR_ON:CAM4|화각변경 감지안함 sat=0.0 (IR ON<=15.0 / OFF>=25.0) applied_shift=(0.0,0.0)"
2026-09-11T02:12:16+09:00,CAM6_20260911_021216,87_15_stream2,ir_on,0,0,0,,,,,,,,False,False,"IR_ON:CAM6|화각변경 감지안함 sat=0.0 (IR ON<=15.0 / OFF>=25.0) applied_shift=(0.0,0.0)"
2026-09-11T02:12:17+09:00,CAM1_20260911_021217,87_11_stream2,ir_on,0,0,0,,,,,,,,False,False,"IR_ON:CAM1|화각변경 감지안함 sat=0.0 (IR ON<=15.0 / OFF>=25.0) applied_shift=(0.0,0.0)"
2026-09-11T02:12:17+09:00,CAM3_20260911_021217,87_16_stream2,ir_on,0,0,0,,,,,,,,False,False,"IR_ON:CAM3|화각변경 감지안함 sat=0.0 (IR ON<=15.0 / OFF>=25.0) applied_shift=(0.0,0.0)"
2026-09-11T02:12:38+09:00,CAM2_20260911_021238,87_12_stream2,ir_on,0,0,0,,,,,,,,False,False,"IR_ON:CAM2|화각변경 감지안함 sat=0.0 (IR ON<=15.0 / OFF>=25.0) applied_shift=(0.0,0.0)"
2026-09-11T02:17:07+09:00,CAM5_20260911_021707,87_10_stream2,ir_on,0,0,0,,,,,,,,False,False,"IR_ON:CAM5|화각변경 감지안함 sat=0.0 (IR ON<=15.0 / OFF>=25.0) applied_shift=(0.0,0.0)"
2026-09-11T02:17:10+09:00,CAM4_20260911_021710,87_9_h264_2,ir_on,0,0,0,,,,,,,,False,False,"IR_ON:CAM4|화각변경 감지안함 sat=0.0 (IR ON<=15.0 / OFF>=25.0) applied_shift=(0.0,0.0)"
2026-09-11T02:17:16+09:00,CAM6_20260911_021716,87_15_stream2,ir_on,0,0,0,,,,,,,,False,False,"IR_ON:CAM6|화각변경 감지안함 sat=0.0 (IR ON<=15.0 / OFF>=25.0) applied_shift=(0.0,0.0)"
2026-09-11T02:17:17+09:00,CAM1_20260911_021717,87_11_stream2,ir_on,0,0,0,,,,,,,,False,False,"IR_ON:CAM1|화각변경 감지안함 sat=0.0 (IR ON<=15.0 / OFF>=25.0) applied_shift=(0.0,0.0)"
2026-09-11T02:17:17+09:00,CAM3_20260911_021717,87_16_stream2,ir_on,0,0,0,,,,,,,,False,False,"IR_ON:CAM3|화각변경 감지안함 sat=0.0 (IR ON<=15.0 / OFF>=25.0) applied_shift=(0.0,0.0)"
2026-09-11T02:17:38+09:00,CAM2_20260911_021738,87_12_stream2,ir_on,0,0,0,,,,,,,,False,False,"IR_ON:CAM2|화각변경 감지안함 sat=0.0 (IR ON<=15.0 / OFF>=25.0) applied_shift=(0.0,0.0)"
2026-09-11T02:22:07+09:00,CAM5_20260911_022207,87_10_stream2,ir_on,0,0,0,,,,,,,,False,False,"IR_ON:CAM5|화각변경 감지안함 sat=0.0 (IR ON<=15.0 / OFF>=25.0) applied_shift=(0.0,0.0)"
2026-09-11T02:22:10+09:00,CAM4_20260911_022210,87_9_h264_2,ir_on,0,0,0,,,,,,,,False,False,"IR_ON:CAM4|화각변경 감지안함 sat=0.0 (IR ON<=15.0 / OFF>=25.0) applied_shift=(0.0,0.0)"
2026-09-11T02:22:16+09:00,CAM6_20260911_022216,87_15_stream2,ir_on,0,0,0,,,,,,,,False,False,"IR_ON:CAM6|화각변경 감지안함 sat=0.0 (IR ON<=15.0 / OFF>=25.0) applied_shift=(0.0,0.0)"
2026-09-11T02:22:17+09:00,CAM1_20260911_022217,87_11_stream2,ir_on,0,0,0,,,,,,,,False,False,"IR_ON:CAM1|화각변경 감지안함 sat=0.0 (IR ON<=15.0 / OFF>=25.0) applied_shift=(0.0,0.0)"
2026-09-11T02:22:18+09:00,CAM3_20260911_022218,87_16_stream2,ir_on,0,0,0,,,,,,,,False,False,"IR_ON:CAM3|화각변경 감지안함 sat=0.0 (IR ON<=15.0 / OFF>=25.0) applied_shift=(0.0,0.0)"
2026-09-11T02:22:38+09:00,CAM2_20260911_022238,87_12_stream2,ir_on,0,0,0,,,,,,,,False,False,"IR_ON:CAM2|화각변경 감지안함 sat=0.0 (IR ON<=15.0 / OFF>=25.0) applied_shift=(0.0,0.0)"
2026-09-11T02:27:07+09:00,CAM5_20260911_022707,87_10_stream2,ir_on,0,0,0,,,,,,,,False,False,"IR_ON:CAM5|화각변경 감지안함 sat=0.0 (IR ON<=15.0 / OFF>=25.0) applied_shift=(0.0,0.0)"
2026-09-11T02:27:11+09:00,CAM4_20260911_022711,87_9_h264_2,ir_on,0,0,0,,,,,,,,False,False,"IR_ON:CAM4|화각변경 감지안함 sat=0.0 (IR ON<=15.0 / OFF>=25.0) applied_shift=(0.0,0.0)"
2026-09-11T02:27:17+09:00,CAM6_20260911_022717,87_15_stream2,ir_on,0,0,0,,,,,,,,False,False,"IR_ON:CAM6|화각변경 감지안함 sat=0.0 (IR ON<=15.0 / OFF>=25.0) applied_shift=(0.0,0.0)"
2026-09-11T02:27:17+09:00,CAM1_20260911_022717,87_11_stream2,ir_on,0,0,0,,,,,,,,False,False,"IR_ON:CAM1|화각변경 감지안함 sat=0.0 (IR ON<=15.0 / OFF>=25.0) applied_shift=(0.0,0.0)"
2026-09-11T02:27:18+09:00,CAM3_20260911_022718,87_16_stream2,ir_on,0,0,0,,,,,,,,False,False,"IR_ON:CAM3|화각변경 감지안함 sat=0.0 (IR ON<=15.0 / OFF>=25.0) applied_shift=(0.0,0.0)"
2026-09-11T02:27:38+09:00,CAM2_20260911_022738,87_12_stream2,ir_on,0,0,0,,,,,,,,False,False,"IR_ON:CAM2|화각변경 감지안함 sat=0.0 (IR ON<=15.0 / OFF>=25.0) applied_shift=(0.0,0.0)"
2026-09-11T02:32:07+09:00,CAM5_20260911_023207,87_10_stream2,ir_on,0,0,0,,,,,,,,False,False,"IR_ON:CAM5|화각변경 감지안함 sat=0.0 (IR ON<=15.0 / OFF>=25.0) applied_shift=(0.0,0.0)"
2026-09-11T02:32:11+09:00,CAM4_20260911_023211,87_9_h264_2,ir_on,0,0,0,,,,,,,,False,False,"IR_ON:CAM4|화각변경 감지안함 sat=0.0 (IR ON<=15.0 / OFF>=25.0) applied_shift=(0.0,0.0)"
2026-09-11T02:32:17+09:00,CAM6_20260911_023217,87_15_stream2,ir_on,0,0,0,,,,,,,,False,False,"IR_ON:CAM6|화각변경 감지안함 sat=0.0 (IR ON<=15.0 / OFF>=25.0) applied_shift=(0.0,0.0)"
2026-09-11T02:32:17+09:00,CAM1_20260911_023217,87_11_stream2,ir_on,0,0,0,,,,,,,,False,False,"IR_ON:CAM1|화각변경 감지안함 sat=0.0 (IR ON<=15.0 / OFF>=25.0) applied_shift=(0.0,0.0)"
2026-09-11T02:32:18+09:00,CAM3_20260911_023218,87_16_stream2,ir_on,0,0,0,,,,,,,,False,False,"IR_ON:CAM3|화각변경 감지안함 sat=0.0 (IR ON<=15.0 / OFF>=25.0) applied_shift=(0.0,0.0)"
2026-09-11T02:32:38+09:00,CAM2_20260911_023238,87_12_stream2,ir_on,0,0,0,,,,,,,,False,False,"IR_ON:CAM2|화각변경 감지안함 sat=0.0 (IR ON<=15.0 / OFF>=25.0) applied_shift=(0.0,0.0)"
2026-09-11T02:37:08+09:00,CAM5_20260911_023708,87_10_stream2,ir_on,0,0,0,,,,,,,,False,False,"IR_ON:CAM5|화각변경 감지안함 sat=0.0 (IR ON<=15.0 / OFF>=25.0) applied_shift=(0.0,0.0)"
2026-09-11T02:37:11+09:00,CAM4_20260911_023711,87_9_h264_2,ir_on,0,0,0,,,,,,,,False,False,"IR_ON:CAM4|화각변경 감지안함 sat=0.0 (IR ON<=15.0 / OFF>=25.0) applied_shift=(0.0,0.0)"
2026-09-11T02:37:17+09:00,CAM6_20260911_023717,87_15_stream2,ir_on,0,0,0,,,,,,,,False,False,"IR_ON:CAM6|화각변경 감지안함 sat=0.0 (IR ON<=15.0 / OFF>=25.0) applied_shift=(0.0,0.0)"
2026-09-11T02:37:17+09:00,CAM1_20260911_023717,87_11_stream2,ir_on,0,0,0,,,,,,,,False,False,"IR_ON:CAM1|화각변경 감지안함 sat=0.0 (IR ON<=15.0 / OFF>=25.0) applied_shift=(0.0,0.0)"
2026-09-11T02:37:18+09:00,CAM3_20260911_023718,87_16_stream2,ir_on,0,0,0,,,,,,,,False,False,"IR_ON:CAM3|화각변경 감지안함 sat=0.0 (IR ON<=15.0 / OFF>=25.0) applied_shift=(0.0,0.0)"
2026-09-11T02:37:38+09:00,CAM2_20260911_023738,87_12_stream2,ir_on,0,0,0,,,,,,,,False,False,"IR_ON:CAM2|화각변경 감지안함 sat=0.0 (IR ON<=15.0 / OFF>=25.0) applied_shift=(0.0,0.0)"
2026-09-11T02:42:08+09:00,CAM5_20260911_024208,87_10_stream2,ir_on,0,0,0,,,,,,,,False,False,"IR_ON:CAM5|화각변경 감지안함 sat=0.0 (IR ON<=15.0 / OFF>=25.0) applied_shift=(0.0,0.0)"
2026-09-11T02:42:11+09:00,CAM4_20260911_024211,87_9_h264_2,ir_on,0,0,0,,,,,,,,False,False,"IR_ON:CAM4|화각변경 감지안함 sat=0.0 (IR ON<=15.0 / OFF>=25.0) applied_shift=(0.0,0.0)"
2026-09-11T02:42:17+09:00,CAM6_20260911_024217,87_15_stream2,ir_on,0,0,0,,,,,,,,False,False,"IR_ON:CAM6|화각변경 감지안함 sat=0.0 (IR ON<=15.0 / OFF>=25.0) applied_shift=(0.0,0.0)"
2026-09-11T02:42:18+09:00,CAM1_20260911_024218,87_11_stream2,ir_on,0,0,0,,,,,,,,False,False,"IR_ON:CAM1|화각변경 감지안함 sat=0.0 (IR ON<=15.0 / OFF>=25.0) applied_shift=(0.0,0.0)"
2026-09-11T02:42:18+09:00,CAM3_20260911_024218,87_16_stream2,ir_on,0,0,0,,,,,,,,False,False,"IR_ON:CAM3|화각변경 감지안함 sat=0.0 (IR ON<=15.0 / OFF>=25.0) applied_shift=(0.0,0.0)"
2026-09-11T02:42:38+09:00,CAM2_20260911_024238,87_12_stream2,ir_on,0,0,0,,,,,,,,False,False,"IR_ON:CAM2|화각변경 감지안함 sat=0.0 (IR ON<=15.0 / OFF>=25.0) applied_shift=(0.0,0.0)"
2026-09-11T02:47:08+09:00,CAM5_20260911_024708,87_10_stream2,ir_on,0,0,0,,,,,,,,False,False,"IR_ON:CAM5|화각변경 감지안함 sat=0.0 (IR ON<=15.0 / OFF>=25.0) applied_shift=(0.0,0.0)"
2026-09-11T02:47:11+09:00,CAM4_20260911_024711,87_9_h264_2,ir_on,0,0,0,,,,,,,,False,False,"IR_ON:CAM4|화각변경 감지안함 sat=0.0 (IR ON<=15.0 / OFF>=25.0) applied_shift=(0.0,0.0)"
2026-09-11T02:47:17+09:00,CAM6_20260911_024717,87_15_stream2,ir_on,0,0,0,,,,,,,,False,False,"IR_ON:CAM6|화각변경 감지안함 sat=0.0 (IR ON<=15.0 / OFF>=25.0) applied_shift=(0.0,0.0)"
2026-09-11T02:47:18+09:00,CAM1_20260911_024718,87_11_stream2,ir_on,0,0,0,,,,,,,,False,False,"IR_ON:CAM1|화각변경 감지안함 sat=0.0 (IR ON<=15.0 / OFF>=25.0) applied_shift=(0.0,0.0)"
2026-09-11T02:47:18+09:00,CAM3_20260911_024718,87_16_stream2,ir_on,0,0,0,,,,,,,,False,False,"IR_ON:CAM3|화각변경 감지안함 sat=0.0 (IR ON<=15.0 / OFF>=25.0) applied_shift=(0.0,0.0)"
2026-09-11T02:47:39+09:00,CAM2_20260911_024739,87_12_stream2,ir_on,0,0,0,,,,,,,,False,False,"IR_ON:CAM2|화각변경 감지안함 sat=0.0 (IR ON<=15.0 / OFF>=25.0) applied_shift=(0.0,0.0)"
2026-09-11T02:52:08+09:00,CAM5_20260911_025208,87_10_stream2,ir_on,0,0,0,,,,,,,,False,False,"IR_ON:CAM5|화각변경 감지안함 sat=0.0 (IR ON<=15.0 / OFF>=25.0) applied_shift=(0.0,0.0)"
2026-09-11T02:52:11+09:00,CAM4_20260911_025211,87_9_h264_2,ir_on,0,0,0,,,,,,,,False,False,"IR_ON:CAM4|화각변경 감지안함 sat=0.0 (IR ON<=15.0 / OFF>=25.0) applied_shift=(0.0,0.0)"
2026-09-11T02:52:17+09:00,CAM6_20260911_025217,87_15_stream2,ir_on,0,0,0,,,,,,,,False,False,"IR_ON:CAM6|화각변경 감지안함 sat=0.0 (IR ON<=15.0 / OFF>=25.0) applied_shift=(0.0,0.0)"
2026-09-11T02:52:18+09:00,CAM1_20260911_025218,87_11_stream2,ir_on,0,0,0,,,,,,,,False,False,"IR_ON:CAM1|화각변경 감지안함 sat=0.0 (IR ON<=15.0 / OFF>=25.0) applied_shift=(0.0,0.0)"
2026-09-11T02:52:18+09:00,CAM3_20260911_025218,87_16_stream2,ir_on,0,0,0,,,,,,,,False,False,"IR_ON:CAM3|화각변경 감지안함 sat=0.0 (IR ON<=15.0 / OFF>=25.0) applied_shift=(0.0,0.0)"
2026-09-11T02:52:39+09:00,CAM2_20260911_025239,87_12_stream2,ir_on,0,0,0,,,,,,,,False,False,"IR_ON:CAM2|화각변경 감지안함 sat=0.0 (IR ON<=15.0 / OFF>=25.0) applied_shift=(0.0,0.0)"
2026-09-11T02:57:08+09:00,CAM5_20260911_025708,87_10_stream2,ir_on,0,0,0,,,,,,,,False,False,"IR_ON:CAM5|화각변경 감지안함 sat=0.0 (IR ON<=15.0 / OFF>=25.0) applied_shift=(0.0,0.0)"
2026-09-11T02:57:11+09:00,CAM4_20260911_025711,87_9_h264_2,ir_on,0,0,0,,,,,,,,False,False,"IR_ON:CAM4|화각변경 감지안함 sat=0.0 (IR ON<=15.0 / OFF>=25.0) applied_shift=(0.0,0.0)"
2026-09-11T02:57:17+09:00,CAM6_20260911_025717,87_15_stream2,ir_on,0,0,0,,,,,,,,False,False,"IR_ON:CAM6|화각변경 감지안함 sat=0.0 (IR ON<=15.0 / OFF>=25.0) applied_shift=(0.0,0.0)"
2026-09-11T02:57:18+09:00,CAM1_20260911_025718,87_11_stream2,ir_on,0,0,0,,,,,,,,False,False,"IR_ON:CAM1|화각변경 감지안함 sat=0.0 (IR ON<=15.0 / OFF>=25.0) applied_shift=(0.0,0.0)"
2026-09-11T02:57:19+09:00,CAM3_20260911_025719,87_16_stream2,ir_on,0,0,0,,,,,,,,False,False,"IR_ON:CAM3|화각변경 감지안함 sat=0.0 (IR ON<=15.0 / OFF>=25.0) applied_shift=(0.0,0.0)"
2026-09-11T02:57:39+09:00,CAM2_20260911_025739,87_12_stream2,ir_on,0,0,0,,,,,,,,False,False,"IR_ON:CAM2|화각변경 감지안함 sat=0.0 (IR ON<=15.0 / OFF>=25.0) applied_shift=(0.0,0.0)"
2026-09-11T03:02:08+09:00,CAM5_20260911_030208,87_10_stream2,ir_on,0,0,0,,,,,,,,False,False,"IR_ON:CAM5|화각변경 감지안함 sat=0.0 (IR ON<=15.0 / OFF>=25.0) applied_shift=(0.0,0.0)"
2026-09-11T03:02:12+09:00,CAM4_20260911_030212,87_9_h264_2,ir_on,0,0,0,,,,,,,,False,False,"IR_ON:CAM4|화각변경 감지안함 sat=0.0 (IR ON<=15.0 / OFF>=25.0) applied_shift=(0.0,0.0)"
2026-09-11T03:02:17+09:00,CAM6_20260911_030217,87_15_stream2,ir_on,0,0,0,,,,,,,,False,False,"IR_ON:CAM6|화각변경 감지안함 sat=0.0 (IR ON<=15.0 / OFF>=25.0) applied_shift=(0.0,0.0)"
2026-09-11T03:02:18+09:00,CAM1_20260911_030218,87_11_stream2,ir_on,0,0,0,,,,,,,,False,False,"IR_ON:CAM1|화각변경 감지안함 sat=0.0 (IR ON<=15.0 / OFF>=25.0) applied_shift=(0.0,0.0)"
2026-09-11T03:02:19+09:00,CAM3_20260911_030219,87_16_stream2,ir_on,0,0,0,,,,,,,,False,False,"IR_ON:CAM3|화각변경 감지안함 sat=0.0 (IR ON<=15.0 / OFF>=25.0) applied_shift=(0.0,0.0)"
2026-09-11T03:02:39+09:00,CAM2_20260911_030239,87_12_stream2,ir_on,0,0,0,,,,,,,,False,False,"IR_ON:CAM2|화각변경 감지안함 sat=0.0 (IR ON<=15.0 / OFF>=25.0) applied_shift=(0.0,0.0)"
2026-09-11T03:07:08+09:00,CAM5_20260911_030708,87_10_stream2,ir_on,0,0,0,,,,,,,,False,False,"IR_ON:CAM5|화각변경 감지안함 sat=0.0 (IR ON<=15.0 / OFF>=25.0) applied_shift=(0.0,0.0)"
2026-09-11T03:07:12+09:00,CAM4_20260911_030712,87_9_h264_2,ir_on,0,0,0,,,,,,,,False,False,"IR_ON:CAM4|화각변경 감지안함 sat=0.0 (IR ON<=15.0 / OFF>=25.0) applied_shift=(0.0,0.0)"
2026-09-11T03:07:18+09:00,CAM6_20260911_030718,87_15_stream2,ir_on,0,0,0,,,,,,,,False,False,"IR_ON:CAM6|화각변경 감지안함 sat=0.0 (IR ON<=15.0 / OFF>=25.0) applied_shift=(0.0,0.0)"
2026-09-11T03:07:18+09:00,CAM1_20260911_030718,87_11_stream2,ir_on,0,0,0,,,,,,,,False,False,"IR_ON:CAM1|화각변경 감지안함 sat=0.0 (IR ON<=15.0 / OFF>=25.0) applied_shift=(0.0,0.0)"
2026-09-11T03:07:19+09:00,CAM3_20260911_030719,87_16_stream2,ir_on,0,0,0,,,,,,,,False,False,"IR_ON:CAM3|화각변경 감지안함 sat=0.0 (IR ON<=15.0 / OFF>=25.0) applied_shift=(0.0,0.0)"
2026-09-11T03:07:39+09:00,CAM2_20260911_030739,87_12_stream2,ir_on,0,0,0,,,,,,,,False,False,"IR_ON:CAM2|화각변경 감지안함 sat=0.0 (IR ON<=15.0 / OFF>=25.0) applied_shift=(0.0,0.0)"
2026-09-11T03:12:08+09:00,CAM5_20260911_031208,87_10_stream2,ir_on,0,0,0,,,,,,,,False,False,"IR_ON:CAM5|화각변경 감지안함 sat=0.0 (IR ON<=15.0 / OFF>=25.0) applied_shift=(0.0,0.0)"
2026-09-11T03:12:12+09:00,CAM4_20260911_031212,87_9_h264_2,ir_on,0,0,0,,,,,,,,False,False,"IR_ON:CAM4|화각변경 감지안함 sat=0.0 (IR ON<=15.0 / OFF>=25.0) applied_shift=(0.0,0.0)"
2026-09-11T03:12:18+09:00,CAM6_20260911_031218,87_15_stream2,ir_on,0,0,0,,,,,,,,False,False,"IR_ON:CAM6|화각변경 감지안함 sat=0.0 (IR ON<=15.0 / OFF>=25.0) applied_shift=(0.0,0.0)"
2026-09-11T03:12:18+09:00,CAM1_20260911_031218,87_11_stream2,ir_on,0,0,0,,,,,,,,False,False,"IR_ON:CAM1|화각변경 감지안함 sat=0.0 (IR ON<=15.0 / OFF>=25.0) applied_shift=(0.0,0.0)"
2026-09-11T03:12:19+09:00,CAM3_20260911_031219,87_16_stream2,ir_on,0,0,0,,,,,,,,False,False,"IR_ON:CAM3|화각변경 감지안함 sat=0.0 (IR ON<=15.0 / OFF>=25.0) applied_shift=(0.0,0.0)"
2026-09-11T03:12:39+09:00,CAM2_20260911_031239,87_12_stream2,ir_on,0,0,0,,,,,,,,False,False,"IR_ON:CAM2|화각변경 감지안함 sat=0.0 (IR ON<=15.0 / OFF>=25.0) applied_shift=(0.0,0.0)"
2026-09-11T03:17:08+09:00,CAM5_20260911_031708,87_10_stream2,ir_on,0,0,0,,,,,,,,False,False,"IR_ON:CAM5|화각변경 감지안함 sat=0.0 (IR ON<=15.0 / OFF>=25.0) applied_shift=(0.0,0.0)"
2026-09-11T03:17:12+09:00,CAM4_20260911_031712,87_9_h264_2,ir_on,0,0,0,,,,,,,,False,False,"IR_ON:CAM4|화각변경 감지안함 sat=0.0 (IR ON<=15.0 / OFF>=25.0) applied_shift=(0.0,0.0)"
2026-09-11T03:17:18+09:00,CAM6_20260911_031718,87_15_stream2,ir_on,0,0,0,,,,,,,,False,False,"IR_ON:CAM6|화각변경 감지안함 sat=0.0 (IR ON<=15.0 / OFF>=25.0) applied_shift=(0.0,0.0)"
2026-09-11T03:17:18+09:00,CAM1_20260911_031718,87_11_stream2,ir_on,0,0,0,,,,,,,,False,False,"IR_ON:CAM1|화각변경 감지안함 sat=0.0 (IR ON<=15.0 / OFF>=25.0) applied_shift=(0.0,0.0)"
2026-09-11T03:17:19+09:00,CAM3_20260911_031719,87_16_stream2,ir_on,0,0,0,,,,,,,,False,False,"IR_ON:CAM3|화각변경 감지안함 sat=0.0 (IR ON<=15.0 / OFF>=25.0) applied_shift=(0.0,0.0)"
2026-09-11T03:17:39+09:00,CAM2_20260911_031739,87_12_stream2,ir_on,0,0,0,,,,,,,,False,False,"IR_ON:CAM2|화각변경 감지안함 sat=0.0 (IR ON<=15.0 / OFF>=25.0) applied_shift=(0.0,0.0)"
2026-09-11T03:22:08+09:00,CAM5_20260911_032208,87_10_stream2,ir_on,0,0,0,,,,,,,,False,False,"IR_ON:CAM5|화각변경 감지안함 sat=0.0 (IR ON<=15.0 / OFF>=25.0) applied_shift=(0.0,0.0)"
2026-09-11T03:22:12+09:00,CAM4_20260911_032212,87_9_h264_2,ir_on,0,0,0,,,,,,,,False,False,"IR_ON:CAM4|화각변경 감지안함 sat=0.0 (IR ON<=15.0 / OFF>=25.0) applied_shift=(0.0,0.0)"
2026-09-11T03:22:18+09:00,CAM6_20260911_032218,87_15_stream2,ir_on,0,0,0,,,,,,,,False,False,"IR_ON:CAM6|화각변경 감지안함 sat=0.0 (IR ON<=15.0 / OFF>=25.0) applied_shift=(0.0,0.0)"
2026-09-11T03:22:19+09:00,CAM1_20260911_032219,87_11_stream2,ir_on,0,0,0,,,,,,,,False,False,"IR_ON:CAM1|화각변경 감지안함 sat=0.0 (IR ON<=15.0 / OFF>=25.0) applied_shift=(0.0,0.0)"
2026-09-11T03:22:19+09:00,CAM3_20260911_032219,87_16_stream2,ir_on,0,0,0,,,,,,,,False,False,"IR_ON:CAM3|화각변경 감지안함 sat=0.0 (IR ON<=15.0 / OFF>=25.0) applied_shift=(0.0,0.0)"
2026-09-11T03:22:39+09:00,CAM2_20260911_032239,87_12_stream2,ir_on,0,0,0,,,,,,,,False,False,"IR_ON:CAM2|화각변경 감지안함 sat=0.0 (IR ON<=15.0 / OFF>=25.0) applied_shift=(0.0,0.0)"
2026-09-11T03:27:08+09:00,CAM5_20260911_032708,87_10_stream2,ir_on,0,0,0,,,,,,,,False,False,"IR_ON:CAM5|화각변경 감지안함 sat=0.0 (IR ON<=15.0 / OFF>=25.0) applied_shift=(0.0,0.0)"
2026-09-11T03:27:12+09:00,CAM4_20260911_032712,87_9_h264_2,ir_on,0,0,0,,,,,,,,False,False,"IR_ON:CAM4|화각변경 감지안함 sat=0.0 (IR ON<=15.0 / OFF>=25.0) applied_shift=(0.0,0.0)"
2026-09-11T03:27:18+09:00,CAM6_20260911_032718,87_15_stream2,ir_on,0,0,0,,,,,,,,False,False,"IR_ON:CAM6|화각변경 감지안함 sat=0.0 (IR ON<=15.0 / OFF>=25.0) applied_shift=(0.0,0.0)"
2026-09-11T03:27:19+09:00,CAM1_20260911_032719,87_11_stream2,ir_on,0,0,0,,,,,,,,False,False,"IR_ON:CAM1|화각변경 감지안함 sat=0.0 (IR ON<=15.0 / OFF>=25.0) applied_shift=(0.0,0.0)"
2026-09-11T03:27:20+09:00,CAM3_20260911_032720,87_16_stream2,ir_on,0,0,0,,,,,,,,False,False,"IR_ON:CAM3|화각변경 감지안함 sat=0.0 (IR ON<=15.0 / OFF>=25.0) applied_shift=(0.0,0.0)"
2026-09-11T03:27:39+09:00,CAM2_20260911_032739,87_12_stream2,ir_on,0,0,0,,,,,,,,False,False,"IR_ON:CAM2|화각변경 감지안함 sat=0.0 (IR ON<=15.0 / OFF>=25.0) applied_shift=(0.0,0.0)"
2026-09-11T03:32:08+09:00,CAM5_20260911_033208,87_10_stream2,ir_on,0,0,0,,,,,,,,False,False,"IR_ON:CAM5|화각변경 감지안함 sat=0.0 (IR ON<=15.0 / OFF>=25.0) applied_shift=(0.0,0.0)"
2026-09-11T03:32:12+09:00,CAM4_20260911_033212,87_9_h264_2,ir_on,0,0,0,,,,,,,,False,False,"IR_ON:CAM4|화각변경 감지안함 sat=0.0 (IR ON<=15.0 / OFF>=25.0) applied_shift=(0.0,0.0)"
2026-09-11T03:32:18+09:00,CAM6_20260911_033218,87_15_stream2,ir_on,0,0,0,,,,,,,,False,False,"IR_ON:CAM6|화각변경 감지안함 sat=0.0 (IR ON<=15.0 / OFF>=25.0) applied_shift=(0.0,0.0)"
2026-09-11T03:32:19+09:00,CAM1_20260911_033219,87_11_stream2,ir_on,0,0,0,,,,,,,,False,False,"IR_ON:CAM1|화각변경 감지안함 sat=0.0 (IR ON<=15.0 / OFF>=25.0) applied_shift=(0.0,0.0)"
2026-09-11T03:32:20+09:00,CAM3_20260911_033220,87_16_stream2,ir_on,0,0,0,,,,,,,,False,False,"IR_ON:CAM3|화각변경 감지안함 sat=0.0 (IR ON<=15.0 / OFF>=25.0) applied_shift=(0.0,0.0)"
2026-09-11T03:32:39+09:00,CAM2_20260911_033239,87_12_stream2,ir_on,0,0,0,,,,,,,,False,False,"IR_ON:CAM2|화각변경 감지안함 sat=0.0 (IR ON<=15.0 / OFF>=25.0) applied_shift=(0.0,0.0)"
2026-09-11T03:37:08+09:00,CAM5_20260911_033708,87_10_stream2,ir_on,0,0,0,,,,,,,,False,False,"IR_ON:CAM5|화각변경 감지안함 sat=0.0 (IR ON<=15.0 / OFF>=25.0) applied_shift=(0.0,0.0)"
2026-09-11T03:37:12+09:00,CAM4_20260911_033712,87_9_h264_2,ir_on,0,0,0,,,,,,,,False,False,"IR_ON:CAM4|화각변경 감지안함 sat=0.0 (IR ON<=15.0 / OFF>=25.0) applied_shift=(0.0,0.0)"
2026-09-11T03:37:19+09:00,CAM6_20260911_033719,87_15_stream2,ir_on,0,0,0,,,,,,,,False,False,"IR_ON:CAM6|화각변경 감지안함 sat=0.0 (IR ON<=15.0 / OFF>=25.0) applied_shift=(0.0,0.0)"
2026-09-11T03:37:19+09:00,CAM1_20260911_033719,87_11_stream2,ir_on,0,0,0,,,,,,,,False,False,"IR_ON:CAM1|화각변경 감지안함 sat=0.0 (IR ON<=15.0 / OFF>=25.0) applied_shift=(0.0,0.0)"
2026-09-11T03:37:20+09:00,CAM3_20260911_033720,87_16_stream2,ir_on,0,0,0,,,,,,,,False,False,"IR_ON:CAM3|화각변경 감지안함 sat=0.0 (IR ON<=15.0 / OFF>=25.0) applied_shift=(0.0,0.0)"
2026-09-11T03:37:39+09:00,CAM2_20260911_033739,87_12_stream2,ir_on,0,0,0,,,,,,,,False,False,"IR_ON:CAM2|화각변경 감지안함 sat=0.0 (IR ON<=15.0 / OFF>=25.0) applied_shift=(0.0,0.0)"
2026-09-11T03:42:08+09:00,CAM5_20260911_034208,87_10_stream2,ir_on,0,0,0,,,,,,,,False,False,"IR_ON:CAM5|화각변경 감지안함 sat=0.0 (IR ON<=15.0 / OFF>=25.0) applied_shift=(0.0,0.0)"
2026-09-11T03:42:12+09:00,CAM4_20260911_034212,87_9_h264_2,ir_on,0,0,0,,,,,,,,False,False,"IR_ON:CAM4|화각변경 감지안함 sat=0.0 (IR ON<=15.0 / OFF>=25.0) applied_shift=(0.0,0.0)"
2026-09-11T03:42:19+09:00,CAM6_20260911_034219,87_15_stream2,ir_on,0,0,0,,,,,,,,False,False,"IR_ON:CAM6|화각변경 감지안함 sat=0.0 (IR ON<=15.0 / OFF>=25.0) applied_shift=(0.0,0.0)"
2026-09-11T03:42:20+09:00,CAM1_20260911_034220,87_11_stream2,ir_on,0,0,0,,,,,,,,False,False,"IR_ON:CAM1|화각변경 감지안함 sat=0.0 (IR ON<=15.0 / OFF>=25.0) applied_shift=(0.0,0.0)"
2026-09-11T03:42:20+09:00,CAM3_20260911_034220,87_16_stream2,ir_on,0,0,0,,,,,,,,False,False,"IR_ON:CAM3|화각변경 감지안함 sat=0.0 (IR ON<=15.0 / OFF>=25.0) applied_shift=(0.0,0.0)"
2026-09-11T03:42:39+09:00,CAM2_20260911_034239,87_12_stream2,ir_on,0,0,0,,,,,,,,False,False,"IR_ON:CAM2|화각변경 감지안함 sat=0.0 (IR ON<=15.0 / OFF>=25.0) applied_shift=(0.0,0.0)"
2026-09-11T03:47:08+09:00,CAM5_20260911_034708,87_10_stream2,ir_on,0,0,0,,,,,,,,False,False,"IR_ON:CAM5|화각변경 감지안함 sat=0.0 (IR ON<=15.0 / OFF>=25.0) applied_shift=(0.0,0.0)"
2026-09-11T03:47:13+09:00,CAM4_20260911_034713,87_9_h264_2,ir_on,0,0,0,,,,,,,,False,False,"IR_ON:CAM4|화각변경 감지안함 sat=0.0 (IR ON<=15.0 / OFF>=25.0) applied_shift=(0.0,0.0)"
2026-09-11T03:47:19+09:00,CAM6_20260911_034719,87_15_stream2,ir_on,0,0,0,,,,,,,,False,False,"IR_ON:CAM6|화각변경 감지안함 sat=0.0 (IR ON<=15.0 / OFF>=25.0) applied_shift=(0.0,0.0)"
2026-09-11T03:47:20+09:00,CAM1_20260911_034720,87_11_stream2,ir_on,0,0,0,,,,,,,,False,False,"IR_ON:CAM1|화각변경 감지안함 sat=0.0 (IR ON<=15.0 / OFF>=25.0) applied_shift=(0.0,0.0)"
2026-09-11T03:47:20+09:00,CAM3_20260911_034720,87_16_stream2,ir_on,0,0,0,,,,,,,,False,False,"IR_ON:CAM3|화각변경 감지안함 sat=0.0 (IR ON<=15.0 / OFF>=25.0) applied_shift=(0.0,0.0)"
2026-09-11T03:47:39+09:00,CAM2_20260911_034739,87_12_stream2,ir_on,0,0,0,,,,,,,,False,False,"IR_ON:CAM2|화각변경 감지안함 sat=0.0 (IR ON<=15.0 / OFF>=25.0) applied_shift=(0.0,0.0)"
2026-09-11T03:52:08+09:00,CAM5_20260911_035208,87_10_stream2,ir_on,0,0,0,,,,,,,,False,False,"IR_ON:CAM5|화각변경 감지안함 sat=0.0 (IR ON<=15.0 / OFF>=25.0) applied_shift=(0.0,0.0)"
2026-09-11T03:52:13+09:00,CAM4_20260911_035213,87_9_h264_2,ir_on,0,0,0,,,,,,,,False,False,"IR_ON:CAM4|화각변경 감지안함 sat=0.0 (IR ON<=15.0 / OFF>=25.0) applied_shift=(0.0,0.0)"
2026-09-11T03:52:19+09:00,CAM6_20260911_035219,87_15_stream2,ir_on,0,0,0,,,,,,,,False,False,"IR_ON:CAM6|화각변경 감지안함 sat=0.0 (IR ON<=15.0 / OFF>=25.0) applied_shift=(0.0,0.0)"
2026-09-11T03:52:20+09:00,CAM1_20260911_035220,87_11_stream2,ir_on,0,0,0,,,,,,,,False,False,"IR_ON:CAM1|화각변경 감지안함 sat=0.0 (IR ON<=15.0 / OFF>=25.0) applied_shift=(0.0,0.0)"
2026-09-11T03:52:20+09:00,CAM3_20260911_035220,87_16_stream2,ir_on,0,0,0,,,,,,,,False,False,"IR_ON:CAM3|화각변경 감지안함 sat=0.0 (IR ON<=15.0 / OFF>=25.0) applied_shift=(0.0,0.0)"
2026-09-11T03:52:39+09:00,CAM2_20260911_035239,87_12_stream2,ir_on,0,0,0,,,,,,,,False,False,"IR_ON:CAM2|화각변경 감지안함 sat=0.0 (IR ON<=15.0 / OFF>=25.0) applied_shift=(0.0,0.0)"
2026-09-11T03:57:08+09:00,CAM5_20260911_035708,87_10_stream2,ir_on,0,0,0,,,,,,,,False,False,"IR_ON:CAM5|화각변경 감지안함 sat=0.0 (IR ON<=15.0 / OFF>=25.0) applied_shift=(0.0,0.0)"
2026-09-11T03:57:13+09:00,CAM4_20260911_035713,87_9_h264_2,ir_on,0,0,0,,,,,,,,False,False,"IR_ON:CAM4|화각변경 감지안함 sat=0.0 (IR ON<=15.0 / OFF>=25.0) applied_shift=(0.0,0.0)"
2026-09-11T03:57:19+09:00,CAM6_20260911_035719,87_15_stream2,ir_on,0,0,0,,,,,,,,False,False,"IR_ON:CAM6|화각변경 감지안함 sat=0.0 (IR ON<=15.0 / OFF>=25.0) applied_shift=(0.0,0.0)"
2026-09-11T03:57:20+09:00,CAM1_20260911_035720,87_11_stream2,ir_on,0,0,0,,,,,,,,False,False,"IR_ON:CAM1|화각변경 감지안함 sat=0.0 (IR ON<=15.0 / OFF>=25.0) applied_shift=(0.0,0.0)"
2026-09-11T03:57:20+09:00,CAM3_20260911_035720,87_16_stream2,ir_on,0,0,0,,,,,,,,False,False,"IR_ON:CAM3|화각변경 감지안함 sat=0.0 (IR ON<=15.0 / OFF>=25.0) applied_shift=(0.0,0.0)"
2026-09-11T03:57:39+09:00,CAM2_20260911_035739,87_12_stream2,ir_on,0,0,0,,,,,,,,False,False,"IR_ON:CAM2|화각변경 감지안함 sat=0.0 (IR ON<=15.0 / OFF>=25.0) applied_shift=(0.0,0.0)"
2026-09-11T04:02:08+09:00,CAM5_20260911_040208,87_10_stream2,ir_on,0,0,0,,,,,,,,False,False,"IR_ON:CAM5|화각변경 감지안함 sat=0.0 (IR ON<=15.0 / OFF>=25.0) applied_shift=(0.0,0.0)"
2026-09-11T04:02:13+09:00,CAM4_20260911_040213,87_9_h264_2,ir_on,0,0,0,,,,,,,,False,False,"IR_ON:CAM4|화각변경 감지안함 sat=0.0 (IR ON<=15.0 / OFF>=25.0) applied_shift=(0.0,0.0)"
2026-09-11T04:02:19+09:00,CAM6_20260911_040219,87_15_stream2,ir_on,0,0,0,,,,,,,,False,False,"IR_ON:CAM6|화각변경 감지안함 sat=0.0 (IR ON<=15.0 / OFF>=25.0) applied_shift=(0.0,0.0)"
2026-09-11T04:02:20+09:00,CAM1_20260911_040220,87_11_stream2,ir_on,0,0,0,,,,,,,,False,False,"IR_ON:CAM1|화각변경 감지안함 sat=0.0 (IR ON<=15.0 / OFF>=25.0) applied_shift=(0.0,0.0)"
2026-09-11T04:02:20+09:00,CAM3_20260911_040220,87_16_stream2,ir_on,0,0,0,,,,,,,,False,False,"IR_ON:CAM3|화각변경 감지안함 sat=0.0 (IR ON<=15.0 / OFF>=25.0) applied_shift=(0.0,0.0)"
2026-09-11T04:02:39+09:00,CAM2_20260911_040239,87_12_stream2,ir_on,0,0,0,,,,,,,,False,False,"IR_ON:CAM2|화각변경 감지안함 sat=0.0 (IR ON<=15.0 / OFF>=25.0) applied_shift=(0.0,0.0)"
2026-09-11T04:07:08+09:00,CAM5_20260911_040708,87_10_stream2,ir_on,0,0,0,,,,,,,,False,False,"IR_ON:CAM5|화각변경 감지안함 sat=0.0 (IR ON<=15.0 / OFF>=25.0) applied_shift=(0.0,0.0)"
2026-09-11T04:07:13+09:00,CAM4_20260911_040713,87_9_h264_2,ir_on,0,0,0,,,,,,,,False,False,"IR_ON:CAM4|화각변경 감지안함 sat=0.0 (IR ON<=15.0 / OFF>=25.0) applied_shift=(0.0,0.0)"
2026-09-11T04:07:19+09:00,CAM6_20260911_040719,87_15_stream2,ir_on,0,0,0,,,,,,,,False,False,"IR_ON:CAM6|화각변경 감지안함 sat=0.0 (IR ON<=15.0 / OFF>=25.0) applied_shift=(0.0,0.0)"
2026-09-11T04:07:20+09:00,CAM1_20260911_040720,87_11_stream2,ir_on,0,0,0,,,,,,,,False,False,"IR_ON:CAM1|화각변경 감지안함 sat=0.0 (IR ON<=15.0 / OFF>=25.0) applied_shift=(0.0,0.0)"
2026-09-11T04:07:20+09:00,CAM3_20260911_040720,87_16_stream2,ir_on,0,0,0,,,,,,,,False,False,"IR_ON:CAM3|화각변경 감지안함 sat=0.0 (IR ON<=15.0 / OFF>=25.0) applied_shift=(0.0,0.0)"
2026-09-11T04:07:39+09:00,CAM2_20260911_040739,87_12_stream2,ir_on,0,0,0,,,,,,,,False,False,"IR_ON:CAM2|화각변경 감지안함 sat=0.0 (IR ON<=15.0 / OFF>=25.0) applied_shift=(0.0,0.0)"
2026-09-11T04:12:08+09:00,CAM5_20260911_041208,87_10_stream2,ir_on,0,0,0,,,,,,,,False,False,"IR_ON:CAM5|화각변경 감지안함 sat=0.0 (IR ON<=15.0 / OFF>=25.0) applied_shift=(0.0,0.0)"
2026-09-11T04:12:13+09:00,CAM4_20260911_041213,87_9_h264_2,ir_on,0,0,0,,,,,,,,False,False,"IR_ON:CAM4|화각변경 감지안함 sat=0.0 (IR ON<=15.0 / OFF>=25.0) applied_shift=(0.0,0.0)"
2026-09-11T04:12:19+09:00,CAM6_20260911_041219,87_15_stream2,ir_on,0,0,0,,,,,,,,False,False,"IR_ON:CAM6|화각변경 감지안함 sat=0.0 (IR ON<=15.0 / OFF>=25.0) applied_shift=(0.0,0.0)"
2026-09-11T04:12:20+09:00,CAM1_20260911_041220,87_11_stream2,ir_on,0,0,0,,,,,,,,False,False,"IR_ON:CAM1|화각변경 감지안함 sat=0.0 (IR ON<=15.0 / OFF>=25.0) applied_shift=(0.0,0.0)"
2026-09-11T04:12:21+09:00,CAM3_20260911_041221,87_16_stream2,ir_on,0,0,0,,,,,,,,False,False,"IR_ON:CAM3|화각변경 감지안함 sat=0.0 (IR ON<=15.0 / OFF>=25.0) applied_shift=(0.0,0.0)"
2026-09-11T04:12:39+09:00,CAM2_20260911_041239,87_12_stream2,ir_on,0,0,0,,,,,,,,False,False,"IR_ON:CAM2|화각변경 감지안함 sat=0.0 (IR ON<=15.0 / OFF>=25.0) applied_shift=(0.0,0.0)"
2026-09-11T04:17:08+09:00,CAM5_20260911_041708,87_10_stream2,ir_on,0,0,0,,,,,,,,False,False,"IR_ON:CAM5|화각변경 감지안함 sat=0.0 (IR ON<=15.0 / OFF>=25.0) applied_shift=(0.0,0.0)"
2026-09-11T04:17:13+09:00,CAM4_20260911_041713,87_9_h264_2,ir_on,0,0,0,,,,,,,,False,False,"IR_ON:CAM4|화각변경 감지안함 sat=0.0 (IR ON<=15.0 / OFF>=25.0) applied_shift=(0.0,0.0)"
2026-09-11T04:17:20+09:00,CAM6_20260911_041720,87_15_stream2,ir_on,0,0,0,,,,,,,,False,False,"IR_ON:CAM6|화각변경 감지안함 sat=0.0 (IR ON<=15.0 / OFF>=25.0) applied_shift=(0.0,0.0)"
2026-09-11T04:17:21+09:00,CAM1_20260911_041721,87_11_stream2,ir_on,0,0,0,,,,,,,,False,False,"IR_ON:CAM1|화각변경 감지안함 sat=0.0 (IR ON<=15.0 / OFF>=25.0) applied_shift=(0.0,0.0)"
2026-09-11T04:17:21+09:00,CAM3_20260911_041721,87_16_stream2,ir_on,0,0,0,,,,,,,,False,False,"IR_ON:CAM3|화각변경 감지안함 sat=0.0 (IR ON<=15.0 / OFF>=25.0) applied_shift=(0.0,0.0)"
2026-09-11T04:17:40+09:00,CAM2_20260911_041740,87_12_stream2,ir_on,0,0,0,,,,,,,,False,False,"IR_ON:CAM2|화각변경 감지안함 sat=0.0 (IR ON<=15.0 / OFF>=25.0) applied_shift=(0.0,0.0)"
2026-09-11T04:22:09+09:00,CAM5_20260911_042209,87_10_stream2,ir_on,0,0,0,,,,,,,,False,False,"IR_ON:CAM5|화각변경 감지안함 sat=0.0 (IR ON<=15.0 / OFF>=25.0) applied_shift=(0.0,0.0)"
2026-09-11T04:22:13+09:00,CAM4_20260911_042213,87_9_h264_2,ir_on,0,0,0,,,,,,,,False,False,"IR_ON:CAM4|화각변경 감지안함 sat=0.0 (IR ON<=15.0 / OFF>=25.0) applied_shift=(0.0,0.0)"
2026-09-11T04:22:20+09:00,CAM6_20260911_042220,87_15_stream2,ir_on,0,0,0,,,,,,,,False,False,"IR_ON:CAM6|화각변경 감지안함 sat=0.0 (IR ON<=15.0 / OFF>=25.0) applied_shift=(0.0,0.0)"
2026-09-11T04:22:21+09:00,CAM1_20260911_042221,87_11_stream2,ir_on,0,0,0,,,,,,,,False,False,"IR_ON:CAM1|화각변경 감지안함 sat=0.0 (IR ON<=15.0 / OFF>=25.0) applied_shift=(0.0,0.0)"
2026-09-11T04:22:21+09:00,CAM3_20260911_042221,87_16_stream2,ir_on,0,0,0,,,,,,,,False,False,"IR_ON:CAM3|화각변경 감지안함 sat=0.0 (IR ON<=15.0 / OFF>=25.0) applied_shift=(0.0,0.0)"
2026-09-11T04:27:09+09:00,CAM5_20260911_042709,87_10_stream2,ir_on,0,0,0,,,,,,,,False,False,"IR_ON:CAM5|화각변경 감지안함 sat=0.0 (IR ON<=15.0 / OFF>=25.0) applied_shift=(0.0,0.0)"
2026-09-11T04:27:13+09:00,CAM4_20260911_042713,87_9_h264_2,ir_on,0,0,0,,,,,,,,False,False,"IR_ON:CAM4|화각변경 감지안함 sat=0.0 (IR ON<=15.0 / OFF>=25.0) applied_shift=(0.0,0.0)"
2026-09-11T04:27:20+09:00,CAM6_20260911_042720,87_15_stream2,ir_on,0,0,0,,,,,,,,False,False,"IR_ON:CAM6|화각변경 감지안함 sat=0.0 (IR ON<=15.0 / OFF>=25.0) applied_shift=(0.0,0.0)"
2026-09-11T04:27:21+09:00,CAM1_20260911_042721,87_11_stream2,ir_on,0,0,0,,,,,,,,False,False,"IR_ON:CAM1|화각변경 감지안함 sat=0.0 (IR ON<=15.0 / OFF>=25.0) applied_shift=(0.0,0.0)"
2026-09-11T04:27:21+09:00,CAM3_20260911_042721,87_16_stream2,ir_on,0,0,0,,,,,,,,False,False,"IR_ON:CAM3|화각변경 감지안함 sat=0.0 (IR ON<=15.0 / OFF>=25.0) applied_shift=(0.0,0.0)"
2026-09-11T04:27:40+09:00,CAM2_20260911_042740,87_12_stream2,ir_on,0,0,0,,,,,,,,False,False,"IR_ON:CAM2|화각변경 감지안함 sat=0.0 (IR ON<=15.0 / OFF>=25.0) applied_shift=(0.0,0.0)"
2026-09-11T04:32:09+09:00,CAM5_20260911_043209,87_10_stream2,ir_on,0,0,0,,,,,,,,False,False,"IR_ON:CAM5|화각변경 감지안함 sat=0.0 (IR ON<=15.0 / OFF>=25.0) applied_shift=(0.0,0.0)"
2026-09-11T04:32:13+09:00,CAM4_20260911_043213,87_9_h264_2,ir_on,0,0,0,,,,,,,,False,False,"IR_ON:CAM4|화각변경 감지안함 sat=0.0 (IR ON<=15.0 / OFF>=25.0) applied_shift=(0.0,0.0)"
2026-09-11T04:32:21+09:00,CAM6_20260911_043221,87_15_stream2,ir_on,0,0,0,,,,,,,,False,False,"IR_ON:CAM6|화각변경 감지안함 sat=0.0 (IR ON<=15.0 / OFF>=25.0) applied_shift=(0.0,0.0)"
2026-09-11T04:32:21+09:00,CAM1_20260911_043221,87_11_stream2,ir_on,0,0,0,,,,,,,,False,False,"IR_ON:CAM1|화각변경 감지안함 sat=0.0 (IR ON<=15.0 / OFF>=25.0) applied_shift=(0.0,0.0)"
2026-09-11T04:32:21+09:00,CAM3_20260911_043221,87_16_stream2,ir_on,0,0,0,,,,,,,,False,False,"IR_ON:CAM3|화각변경 감지안함 sat=0.0 (IR ON<=15.0 / OFF>=25.0) applied_shift=(0.0,0.0)"
2026-09-11T04:32:40+09:00,CAM2_20260911_043240,87_12_stream2,ir_on,0,0,0,,,,,,,,False,False,"IR_ON:CAM2|화각변경 감지안함 sat=0.0 (IR ON<=15.0 / OFF>=25.0) applied_shift=(0.0,0.0)"
2026-09-11T04:37:09+09:00,CAM5_20260911_043709,87_10_stream2,ir_on,0,0,0,,,,,,,,False,False,"IR_ON:CAM5|화각변경 감지안함 sat=0.0 (IR ON<=15.0 / OFF>=25.0) applied_shift=(0.0,0.0)"
2026-09-11T04:37:14+09:00,CAM4_20260911_043714,87_9_h264_2,ir_on,0,0,0,,,,,,,,False,False,"IR_ON:CAM4|화각변경 감지안함 sat=0.0 (IR ON<=15.0 / OFF>=25.0) applied_shift=(0.0,0.0)"
2026-09-11T04:37:21+09:00,CAM6_20260911_043721,87_15_stream2,ir_on,0,0,0,,,,,,,,False,False,"IR_ON:CAM6|화각변경 감지안함 sat=0.0 (IR ON<=15.0 / OFF>=25.0) applied_shift=(0.0,0.0)"
2026-09-11T04:37:21+09:00,CAM1_20260911_043721,87_11_stream2,ir_on,0,0,0,,,,,,,,False,False,"IR_ON:CAM1|화각변경 감지안함 sat=0.0 (IR ON<=15.0 / OFF>=25.0) applied_shift=(0.0,0.0)"
2026-09-11T04:37:21+09:00,CAM3_20260911_043721,87_16_stream2,ir_on,0,0,0,,,,,,,,False,False,"IR_ON:CAM3|화각변경 감지안함 sat=0.0 (IR ON<=15.0 / OFF>=25.0) applied_shift=(0.0,0.0)"
2026-09-11T04:37:40+09:00,CAM2_20260911_043740,87_12_stream2,ir_on,0,0,0,,,,,,,,False,False,"IR_ON:CAM2|화각변경 감지안함 sat=0.0 (IR ON<=15.0 / OFF>=25.0) applied_shift=(0.0,0.0)"
2026-09-11T04:42:09+09:00,CAM5_20260911_044209,87_10_stream2,ir_on,0,0,0,,,,,,,,False,False,"IR_ON:CAM5|화각변경 감지안함 sat=0.0 (IR ON<=15.0 / OFF>=25.0) applied_shift=(0.0,0.0)"
2026-09-11T04:42:14+09:00,CAM4_20260911_044214,87_9_h264_2,ir_on,0,0,0,,,,,,,,False,False,"IR_ON:CAM4|화각변경 감지안함 sat=0.0 (IR ON<=15.0 / OFF>=25.0) applied_shift=(0.0,0.0)"
2026-09-11T04:42:21+09:00,CAM6_20260911_044221,87_15_stream2,ir_on,0,0,0,,,,,,,,False,False,"IR_ON:CAM6|화각변경 감지안함 sat=0.0 (IR ON<=15.0 / OFF>=25.0) applied_shift=(0.0,0.0)"
2026-09-11T04:42:21+09:00,CAM1_20260911_044221,87_11_stream2,ir_on,0,0,0,,,,,,,,False,False,"IR_ON:CAM1|화각변경 감지안함 sat=0.0 (IR ON<=15.0 / OFF>=25.0) applied_shift=(0.0,0.0)"
2026-09-11T04:42:22+09:00,CAM3_20260911_044222,87_16_stream2,ir_on,0,0,0,,,,,,,,False,False,"IR_ON:CAM3|화각변경 감지안함 sat=0.0 (IR ON<=15.0 / OFF>=25.0) applied_shift=(0.0,0.0)"
2026-09-11T04:42:40+09:00,CAM2_20260911_044240,87_12_stream2,ir_on,0,0,0,,,,,,,,False,False,"IR_ON:CAM2|화각변경 감지안함 sat=0.0 (IR ON<=15.0 / OFF>=25.0) applied_shift=(0.0,0.0)"
2026-09-11T04:47:09+09:00,CAM5_20260911_044709,87_10_stream2,ir_on,0,0,0,,,,,,,,False,False,"IR_ON:CAM5|화각변경 감지안함 sat=0.0 (IR ON<=15.0 / OFF>=25.0) applied_shift=(0.0,0.0)"
2026-09-11T04:47:14+09:00,CAM4_20260911_044714,87_9_h264_2,ir_on,0,0,0,,,,,,,,False,False,"IR_ON:CAM4|화각변경 감지안함 sat=0.0 (IR ON<=15.0 / OFF>=25.0) applied_shift=(0.0,0.0)"
2026-09-11T04:47:21+09:00,CAM6_20260911_044721,87_15_stream2,ir_on,0,0,0,,,,,,,,False,False,"IR_ON:CAM6|화각변경 감지안함 sat=0.0 (IR ON<=15.0 / OFF>=25.0) applied_shift=(0.0,0.0)"
2026-09-11T04:47:22+09:00,CAM1_20260911_044722,87_11_stream2,ir_on,0,0,0,,,,,,,,False,False,"IR_ON:CAM1|화각변경 감지안함 sat=0.0 (IR ON<=15.0 / OFF>=25.0) applied_shift=(0.0,0.0)"
2026-09-11T04:47:22+09:00,CAM3_20260911_044722,87_16_stream2,ir_on,0,0,0,,,,,,,,False,False,"IR_ON:CAM3|화각변경 감지안함 sat=0.0 (IR ON<=15.0 / OFF>=25.0) applied_shift=(0.0,0.0)"
2026-09-11T04:47:40+09:00,CAM2_20260911_044740,87_12_stream2,ir_on,0,0,0,,,,,,,,False,False,"IR_ON:CAM2|화각변경 감지안함 sat=0.0 (IR ON<=15.0 / OFF>=25.0) applied_shift=(0.0,0.0)"
2026-09-11T04:52:09+09:00,CAM5_20260911_045209,87_10_stream2,ir_on,0,0,0,,,,,,,,False,False,"IR_ON:CAM5|화각변경 감지안함 sat=0.0 (IR ON<=15.0 / OFF>=25.0) applied_shift=(0.0,0.0)"
2026-09-11T04:52:14+09:00,CAM4_20260911_045214,87_9_h264_2,ir_on,0,0,0,,,,,,,,False,False,"IR_ON:CAM4|화각변경 감지안함 sat=0.0 (IR ON<=15.0 / OFF>=25.0) applied_shift=(0.0,0.0)"
2026-09-11T04:52:22+09:00,CAM6_20260911_045222,87_15_stream2,ir_on,0,0,0,,,,,,,,False,False,"IR_ON:CAM6|화각변경 감지안함 sat=0.0 (IR ON<=15.0 / OFF>=25.0) applied_shift=(0.0,0.0)"
2026-09-11T04:52:22+09:00,CAM1_20260911_045222,87_11_stream2,ir_on,0,0,0,,,,,,,,False,False,"IR_ON:CAM1|화각변경 감지안함 sat=0.0 (IR ON<=15.0 / OFF>=25.0) applied_shift=(0.0,0.0)"
2026-09-11T04:52:22+09:00,CAM3_20260911_045222,87_16_stream2,ir_on,0,0,0,,,,,,,,False,False,"IR_ON:CAM3|화각변경 감지안함 sat=0.0 (IR ON<=15.0 / OFF>=25.0) applied_shift=(0.0,0.0)"
2026-09-11T04:52:40+09:00,CAM2_20260911_045240,87_12_stream2,ir_on,0,0,0,,,,,,,,False,False,"IR_ON:CAM2|화각변경 감지안함 sat=0.0 (IR ON<=15.0 / OFF>=25.0) applied_shift=(0.0,0.0)"
2026-09-11T04:57:09+09:00,CAM5_20260911_045709,87_10_stream2,ir_on,0,0,0,,,,,,,,False,False,"IR_ON:CAM5|화각변경 감지안함 sat=0.0 (IR ON<=15.0 / OFF>=25.0) applied_shift=(0.0,0.0)"
2026-09-11T04:57:14+09:00,CAM4_20260911_045714,87_9_h264_2,ir_on,0,0,0,,,,,,,,False,False,"IR_ON:CAM4|화각변경 감지안함 sat=0.0 (IR ON<=15.0 / OFF>=25.0) applied_shift=(0.0,0.0)"
2026-09-11T04:57:22+09:00,CAM6_20260911_045722,87_15_stream2,ir_on,0,0,0,,,,,,,,False,False,"IR_ON:CAM6|화각변경 감지안함 sat=0.0 (IR ON<=15.0 / OFF>=25.0) applied_shift=(0.0,0.0)"
2026-09-11T04:57:22+09:00,CAM1_20260911_045722,87_11_stream2,ir_on,0,0,0,,,,,,,,False,False,"IR_ON:CAM1|화각변경 감지안함 sat=0.0 (IR ON<=15.0 / OFF>=25.0) applied_shift=(0.0,0.0)"
2026-09-11T04:57:22+09:00,CAM3_20260911_045722,87_16_stream2,ir_on,0,0,0,,,,,,,,False,False,"IR_ON:CAM3|화각변경 감지안함 sat=0.0 (IR ON<=15.0 / OFF>=25.0) applied_shift=(0.0,0.0)"
2026-09-11T04:57:40+09:00,CAM2_20260911_045740,87_12_stream2,ir_on,0,0,0,,,,,,,,False,False,"IR_ON:CAM2|화각변경 감지안함 sat=0.0 (IR ON<=15.0 / OFF>=25.0) applied_shift=(0.0,0.0)"
2026-09-11T05:02:09+09:00,CAM5_20260911_050209,87_10_stream2,ir_on,0,0,0,,,,,,,,False,False,"IR_ON:CAM5|화각변경 감지안함 sat=0.0 (IR ON<=15.0 / OFF>=25.0) applied_shift=(0.0,0.0)"
2026-09-11T05:02:14+09:00,CAM4_20260911_050214,87_9_h264_2,ir_on,0,0,0,,,,,,,,False,False,"IR_ON:CAM4|화각변경 감지안함 sat=0.0 (IR ON<=15.0 / OFF>=25.0) applied_shift=(0.0,0.0)"
2026-09-11T05:02:22+09:00,CAM6_20260911_050222,87_15_stream2,ir_on,0,0,0,,,,,,,,False,False,"IR_ON:CAM6|화각변경 감지안함 sat=0.0 (IR ON<=15.0 / OFF>=25.0) applied_shift=(0.0,0.0)"
2026-09-11T05:02:22+09:00,CAM1_20260911_050222,87_11_stream2,ir_on,0,0,0,,,,,,,,False,False,"IR_ON:CAM1|화각변경 감지안함 sat=0.0 (IR ON<=15.0 / OFF>=25.0) applied_shift=(0.0,0.0)"
2026-09-11T05:02:22+09:00,CAM3_20260911_050222,87_16_stream2,ir_on,0,0,0,,,,,,,,False,False,"IR_ON:CAM3|화각변경 감지안함 sat=0.0 (IR ON<=15.0 / OFF>=25.0) applied_shift=(0.0,0.0)"
2026-09-11T05:02:40+09:00,CAM2_20260911_050240,87_12_stream2,ir_on,0,0,0,,,,,,,,False,False,"IR_ON:CAM2|화각변경 감지안함 sat=0.0 (IR ON<=15.0 / OFF>=25.0) applied_shift=(0.0,0.0)"
2026-09-11T05:07:09+09:00,CAM5_20260911_050709,87_10_stream2,ir_on,0,0,0,,,,,,,,False,False,"IR_ON:CAM5|화각변경 감지안함 sat=0.0 (IR ON<=15.0 / OFF>=25.0) applied_shift=(0.0,0.0)"
2026-09-11T05:07:15+09:00,CAM4_20260911_050715,87_9_h264_2,ir_on,0,0,0,,,,,,,,False,False,"IR_ON:CAM4|화각변경 감지안함 sat=0.0 (IR ON<=15.0 / OFF>=25.0) applied_shift=(0.0,0.0)"
2026-09-11T05:07:22+09:00,CAM6_20260911_050722,87_15_stream2,ir_on,0,0,0,,,,,,,,False,False,"IR_ON:CAM6|화각변경 감지안함 sat=0.0 (IR ON<=15.0 / OFF>=25.0) applied_shift=(0.0,0.0)"
2026-09-11T05:07:22+09:00,CAM1_20260911_050722,87_11_stream2,ir_on,0,0,0,,,,,,,,False,False,"IR_ON:CAM1|화각변경 감지안함 sat=0.0 (IR ON<=15.0 / OFF>=25.0) applied_shift=(0.0,0.0)"
2026-09-11T05:07:22+09:00,CAM3_20260911_050722,87_16_stream2,ir_on,0,0,0,,,,,,,,False,False,"IR_ON:CAM3|화각변경 감지안함 sat=0.0 (IR ON<=15.0 / OFF>=25.0) applied_shift=(0.0,0.0)"
2026-09-11T05:07:40+09:00,CAM2_20260911_050740,87_12_stream2,ir_on,0,0,0,,,,,,,,False,False,"IR_ON:CAM2|화각변경 감지안함 sat=0.0 (IR ON<=15.0 / OFF>=25.0) applied_shift=(0.0,0.0)"
2026-09-11T05:12:09+09:00,CAM5_20260911_051209,87_10_stream2,ir_on,0,0,0,,,,,,,,False,False,"IR_ON:CAM5|화각변경 감지안함 sat=0.0 (IR ON<=15.0 / OFF>=25.0) applied_shift=(0.0,0.0)"
2026-09-11T05:12:15+09:00,CAM4_20260911_051215,87_9_h264_2,ir_on,0,0,0,,,,,,,,False,False,"IR_ON:CAM4|화각변경 감지안함 sat=0.0 (IR ON<=15.0 / OFF>=25.0) applied_shift=(0.0,0.0)"
2026-09-11T05:12:22+09:00,CAM6_20260911_051222,87_15_stream2,ir_on,0,0,0,,,,,,,,False,False,"IR_ON:CAM6|화각변경 감지안함 sat=0.0 (IR ON<=15.0 / OFF>=25.0) applied_shift=(0.0,0.0)"
2026-09-11T05:12:22+09:00,CAM1_20260911_051222,87_11_stream2,ir_on,0,0,0,,,,,,,,False,False,"IR_ON:CAM1|화각변경 감지안함 sat=0.0 (IR ON<=15.0 / OFF>=25.0) applied_shift=(0.0,0.0)"
2026-09-11T05:12:22+09:00,CAM3_20260911_051222,87_16_stream2,ir_on,0,0,0,,,,,,,,False,False,"IR_ON:CAM3|화각변경 감지안함 sat=0.0 (IR ON<=15.0 / OFF>=25.0) applied_shift=(0.0,0.0)"
2026-09-11T05:12:40+09:00,CAM2_20260911_051240,87_12_stream2,ir_on,0,0,0,,,,,,,,False,False,"IR_ON:CAM2|화각변경 감지안함 sat=0.0 (IR ON<=15.0 / OFF>=25.0) applied_shift=(0.0,0.0)"
2026-09-11T05:17:09+09:00,CAM5_20260911_051709,87_10_stream2,ir_on,0,0,0,,,,,,,,False,False,"IR_ON:CAM5|화각변경 감지안함 sat=0.0 (IR ON<=15.0 / OFF>=25.0) applied_shift=(0.0,0.0)"
2026-09-11T05:17:15+09:00,CAM4_20260911_051715,87_9_h264_2,ir_on,0,0,0,,,,,,,,False,False,"IR_ON:CAM4|화각변경 감지안함 sat=0.0 (IR ON<=15.0 / OFF>=25.0) applied_shift=(0.0,0.0)"
2026-09-11T05:17:22+09:00,CAM6_20260911_051722,87_15_stream2,ir_on,0,0,0,,,,,,,,False,False,"IR_ON:CAM6|화각변경 감지안함 sat=0.0 (IR ON<=15.0 / OFF>=25.0) applied_shift=(0.0,0.0)"
2026-09-11T05:17:22+09:00,CAM1_20260911_051722,87_11_stream2,ir_on,0,0,0,,,,,,,,False,False,"IR_ON:CAM1|화각변경 감지안함 sat=0.0 (IR ON<=15.0 / OFF>=25.0) applied_shift=(0.0,0.0)"
2026-09-11T05:17:23+09:00,CAM3_20260911_051723,87_16_stream2,ir_on,0,0,0,,,,,,,,False,False,"IR_ON:CAM3|화각변경 감지안함 sat=0.0 (IR ON<=15.0 / OFF>=25.0) applied_shift=(0.0,0.0)"
2026-09-11T05:17:40+09:00,CAM2_20260911_051740,87_12_stream2,ir_on,0,0,0,,,,,,,,False,False,"IR_ON:CAM2|화각변경 감지안함 sat=0.0 (IR ON<=15.0 / OFF>=25.0) applied_shift=(0.0,0.0)"
2026-09-11T05:22:09+09:00,CAM5_20260911_052209,87_10_stream2,ir_on,0,0,0,,,,,,,,False,False,"IR_ON:CAM5|화각변경 감지안함 sat=0.0 (IR ON<=15.0 / OFF>=25.0) applied_shift=(0.0,0.0)"
2026-09-11T05:22:15+09:00,CAM4_20260911_052215,87_9_h264_2,ir_on,0,0,0,,,,,,,,False,False,"IR_ON:CAM4|화각변경 감지안함 sat=0.0 (IR ON<=15.0 / OFF>=25.0) applied_shift=(0.0,0.0)"
2026-09-11T05:22:22+09:00,CAM1_20260911_052222,87_11_stream2,ir_on,0,0,0,,,,,,,,False,False,"IR_ON:CAM1|화각변경 감지안함 sat=0.0 (IR ON<=15.0 / OFF>=25.0) applied_shift=(0.0,0.0)"
2026-09-11T05:22:22+09:00,CAM6_20260911_052222,87_15_stream2,ir_on,0,0,0,,,,,,,,False,False,"IR_ON:CAM6|화각변경 감지안함 sat=0.0 (IR ON<=15.0 / OFF>=25.0) applied_shift=(0.0,0.0)"
2026-09-11T05:22:23+09:00,CAM3_20260911_052223,87_16_stream2,ir_on,0,0,0,,,,,,,,False,False,"IR_ON:CAM3|화각변경 감지안함 sat=0.0 (IR ON<=15.0 / OFF>=25.0) applied_shift=(0.0,0.0)"
2026-09-11T05:22:40+09:00,CAM2_20260911_052240,87_12_stream2,ir_on,0,0,0,,,,,,,,False,False,"IR_ON:CAM2|화각변경 감지안함 sat=0.0 (IR ON<=15.0 / OFF>=25.0) applied_shift=(0.0,0.0)"
2026-09-11T05:27:09+09:00,CAM5_20260911_052709,87_10_stream2,ir_on,0,0,0,,,,,,,,False,False,"IR_ON:CAM5|화각변경 감지안함 sat=0.0 (IR ON<=15.0 / OFF>=25.0) applied_shift=(0.0,0.0)"
2026-09-11T05:27:15+09:00,CAM4_20260911_052715,87_9_h264_2,ir_on,0,0,0,,,,,,,,False,False,"IR_ON:CAM4|화각변경 감지안함 sat=0.0 (IR ON<=15.0 / OFF>=25.0) applied_shift=(0.0,0.0)"
2026-09-11T05:27:22+09:00,CAM1_20260911_052722,87_11_stream2,ir_on,0,0,0,,,,,,,,False,False,"IR_ON:CAM1|화각변경 감지안함 sat=0.0 (IR ON<=15.0 / OFF>=25.0) applied_shift=(0.0,0.0)"
2026-09-11T05:27:22+09:00,CAM6_20260911_052722,87_15_stream2,ir_on,0,0,0,,,,,,,,False,False,"IR_ON:CAM6|화각변경 감지안함 sat=0.0 (IR ON<=15.0 / OFF>=25.0) applied_shift=(0.0,0.0)"
2026-09-11T05:27:23+09:00,CAM3_20260911_052723,87_16_stream2,ir_on,0,0,0,,,,,,,,False,False,"IR_ON:CAM3|화각변경 감지안함 sat=0.0 (IR ON<=15.0 / OFF>=25.0) applied_shift=(0.0,0.0)"
2026-09-11T05:27:40+09:00,CAM2_20260911_052740,87_12_stream2,ir_on,0,0,0,,,,,,,,False,False,"IR_ON:CAM2|화각변경 감지안함 sat=0.0 (IR ON<=15.0 / OFF>=25.0) applied_shift=(0.0,0.0)"
2026-09-11T05:32:09+09:00,CAM5_20260911_053209,87_10_stream2,ir_on,0,0,0,,,,,,,,False,False,"IR_ON:CAM5|화각변경 감지안함 sat=0.0 (IR ON<=15.0 / OFF>=25.0) applied_shift=(0.0,0.0)"
2026-09-11T05:32:15+09:00,CAM4_20260911_053215,87_9_h264_2,ir_on,0,0,0,,,,,,,,False,False,"IR_ON:CAM4|화각변경 감지안함 sat=0.0 (IR ON<=15.0 / OFF>=25.0) applied_shift=(0.0,0.0)"
2026-09-11T05:32:22+09:00,CAM1_20260911_053222,87_11_stream2,ir_on,0,0,0,,,,,,,,False,False,"IR_ON:CAM1|화각변경 감지안함 sat=0.0 (IR ON<=15.0 / OFF>=25.0) applied_shift=(0.0,0.0)"
2026-09-11T05:32:22+09:00,CAM6_20260911_053222,87_15_stream2,ir_on,0,0,0,,,,,,,,False,False,"IR_ON:CAM6|화각변경 감지안함 sat=0.0 (IR ON<=15.0 / OFF>=25.0) applied_shift=(0.0,0.0)"
2026-09-11T05:32:23+09:00,CAM3_20260911_053223,87_16_stream2,ir_on,0,0,0,,,,,,,,False,False,"IR_ON:CAM3|화각변경 감지안함 sat=0.0 (IR ON<=15.0 / OFF>=25.0) applied_shift=(0.0,0.0)"
2026-09-11T05:32:40+09:00,CAM2_20260911_053240,87_12_stream2,ir_on,0,0,0,,,,,,,,False,False,"IR_ON:CAM2|화각변경 감지안함 sat=0.0 (IR ON<=15.0 / OFF>=25.0) applied_shift=(0.0,0.0)"
2026-09-11T05:37:09+09:00,CAM5_20260911_053709,87_10_stream2,ir_on,0,0,0,,,,,,,,False,False,"IR_ON:CAM5|화각변경 감지안함 sat=0.0 (IR ON<=15.0 / OFF>=25.0) applied_shift=(0.0,0.0)"
2026-09-11T05:37:15+09:00,CAM4_20260911_053715,87_9_h264_2,ir_on,0,0,0,,,,,,,,False,False,"IR_ON:CAM4|화각변경 감지안함 sat=0.0 (IR ON<=15.0 / OFF>=25.0) applied_shift=(0.0,0.0)"
2026-09-11T05:37:22+09:00,CAM1_20260911_053722,87_11_stream2,ir_on,0,0,0,,,,,,,,False,False,"IR_ON:CAM1|화각변경 감지안함 sat=0.0 (IR ON<=15.0 / OFF>=25.0) applied_shift=(0.0,0.0)"
2026-09-11T05:37:23+09:00,CAM6_20260911_053723,87_15_stream2,ir_on,0,0,0,,,,,,,,False,False,"IR_ON:CAM6|화각변경 감지안함 sat=0.0 (IR ON<=15.0 / OFF>=25.0) applied_shift=(0.0,0.0)"
2026-09-11T05:37:23+09:00,CAM3_20260911_053723,87_16_stream2,ir_on,0,0,0,,,,,,,,False,False,"IR_ON:CAM3|화각변경 감지안함 sat=0.0 (IR ON<=15.0 / OFF>=25.0) applied_shift=(0.0,0.0)"
2026-09-11T05:37:41+09:00,CAM2_20260911_053741,87_12_stream2,ir_on,0,0,0,,,,,,,,False,False,"IR_ON:CAM2|화각변경 감지안함 sat=0.0 (IR ON<=15.0 / OFF>=25.0) applied_shift=(0.0,0.0)"
2026-09-11T05:42:09+09:00,CAM5_20260911_054209,87_10_stream2,ir_on,0,0,0,,,,,,,,False,False,"IR_ON:CAM5|화각변경 감지안함 sat=0.0 (IR ON<=15.0 / OFF>=25.0) applied_shift=(0.0,0.0)"
2026-09-11T05:42:16+09:00,CAM4_20260911_054216,87_9_h264_2,ir_on,0,0,0,,,,,,,,False,False,"IR_ON:CAM4|화각변경 감지안함 sat=0.0 (IR ON<=15.0 / OFF>=25.0) applied_shift=(0.0,0.0)"
2026-09-11T05:42:23+09:00,CAM1_20260911_054223,87_11_stream2,ir_on,0,0,0,,,,,,,,False,False,"IR_ON:CAM1|화각변경 감지안함 sat=0.0 (IR ON<=15.0 / OFF>=25.0) applied_shift=(0.0,0.0)"
2026-09-11T05:42:23+09:00,CAM6_20260911_054223,87_15_stream2,ir_on,0,0,0,,,,,,,,False,False,"IR_ON:CAM6|화각변경 감지안함 sat=0.0 (IR ON<=15.0 / OFF>=25.0) applied_shift=(0.0,0.0)"
2026-09-11T05:42:23+09:00,CAM3_20260911_054223,87_16_stream2,ir_on,0,0,0,,,,,,,,False,False,"IR_ON:CAM3|화각변경 감지안함 sat=0.0 (IR ON<=15.0 / OFF>=25.0) applied_shift=(0.0,0.0)"
2026-09-11T05:42:41+09:00,CAM2_20260911_054241,87_12_stream2,ir_on,0,0,0,,,,,,,,False,False,"IR_ON:CAM2|화각변경 감지안함 sat=0.0 (IR ON<=15.0 / OFF>=25.0) applied_shift=(0.0,0.0)"
2026-09-11T05:47:09+09:00,CAM5_20260911_054709,87_10_stream2,ir_on,0,0,0,,,,,,,,False,False,"IR_ON:CAM5|화각변경 감지안함 sat=0.0 (IR ON<=15.0 / OFF>=25.0) applied_shift=(0.0,0.0)"
2026-09-11T05:47:16+09:00,CAM4_20260911_054716,87_9_h264_2,ir_on,0,0,0,,,,,,,,False,False,"IR_ON:CAM4|화각변경 감지안함 sat=0.0 (IR ON<=15.0 / OFF>=25.0) applied_shift=(0.0,0.0)"
2026-09-11T05:47:23+09:00,CAM1_20260911_054723,87_11_stream2,ir_on,0,0,0,,,,,,,,False,False,"IR_ON:CAM1|화각변경 감지안함 sat=0.0 (IR ON<=15.0 / OFF>=25.0) applied_shift=(0.0,0.0)"
2026-09-11T05:47:23+09:00,CAM6_20260911_054723,87_15_stream2,ir_on,0,0,0,,,,,,,,False,False,"IR_ON:CAM6|화각변경 감지안함 sat=0.0 (IR ON<=15.0 / OFF>=25.0) applied_shift=(0.0,0.0)"
2026-09-11T05:47:23+09:00,CAM3_20260911_054723,87_16_stream2,ir_on,0,0,0,,,,,,,,False,False,"IR_ON:CAM3|화각변경 감지안함 sat=0.0 (IR ON<=15.0 / OFF>=25.0) applied_shift=(0.0,0.0)"
2026-09-11T05:47:41+09:00,CAM2_20260911_054741,87_12_stream2,ir_on,0,0,0,,,,,,,,False,False,"IR_ON:CAM2|화각변경 감지안함 sat=0.0 (IR ON<=15.0 / OFF>=25.0) applied_shift=(0.0,0.0)"
2026-09-11T05:52:09+09:00,CAM5_20260911_055209,87_10_stream2,ir_on,0,0,0,,,,,,,,False,False,"IR_ON:CAM5|화각변경 감지안함 sat=0.0 (IR ON<=15.0 / OFF>=25.0) applied_shift=(0.0,0.0)"
2026-09-11T05:52:16+09:00,CAM4_20260911_055216,87_9_h264_2,ir_on,0,0,0,,,,,,,,False,False,"IR_ON:CAM4|화각변경 감지안함 sat=0.0 (IR ON<=15.0 / OFF>=25.0) applied_shift=(0.0,0.0)"
2026-09-11T05:52:23+09:00,CAM1_20260911_055223,87_11_stream2,ir_on,0,0,0,,,,,,,,False,False,"IR_ON:CAM1|화각변경 감지안함 sat=0.0 (IR ON<=15.0 / OFF>=25.0) applied_shift=(0.0,0.0)"
2026-09-11T05:52:23+09:00,CAM6_20260911_055223,87_15_stream2,ir_on,0,0,0,,,,,,,,False,False,"IR_ON:CAM6|화각변경 감지안함 sat=0.0 (IR ON<=15.0 / OFF>=25.0) applied_shift=(0.0,0.0)"
2026-09-11T05:52:23+09:00,CAM3_20260911_055223,87_16_stream2,ir_on,0,0,0,,,,,,,,False,False,"IR_ON:CAM3|화각변경 감지안함 sat=0.0 (IR ON<=15.0 / OFF>=25.0) applied_shift=(0.0,0.0)"
2026-09-11T05:52:41+09:00,CAM2_20260911_055241,87_12_stream2,ir_on,0,0,0,,,,,,,,False,False,"IR_ON:CAM2|화각변경 감지안함 sat=0.0 (IR ON<=15.0 / OFF>=25.0) applied_shift=(0.0,0.0)"
2026-09-11T05:57:09+09:00,CAM5_20260911_055709,87_10_stream2,ir_on,0,0,0,,,,,,,,False,False,"IR_ON:CAM5|화각변경 감지안함 sat=0.0 (IR ON<=15.0 / OFF>=25.0) applied_shift=(0.0,0.0)"
2026-09-11T05:57:16+09:00,CAM4_20260911_055716,87_9_h264_2,normal,0,0,0,,,,,,,,False,False,"IR_OFF_STABILIZE:CAM4|화각변경 비교 대기 remaining=30.0s applied_shift=(0.0,0.0)"
2026-09-11T05:57:23+09:00,CAM1_20260911_055723,87_11_stream2,ir_on,0,0,0,,,,,,,,False,False,"IR_ON:CAM1|화각변경 감지안함 sat=0.0 (IR ON<=15.0 / OFF>=25.0) applied_shift=(0.0,0.0)"
2026-09-11T05:57:23+09:00,CAM6_20260911_055723,87_15_stream2,ir_on,0,0,0,,,,,,,,False,False,"IR_ON:CAM6|화각변경 감지안함 sat=0.0 (IR ON<=15.0 / OFF>=25.0) applied_shift=(0.0,0.0)"
2026-09-11T05:57:24+09:00,CAM3_20260911_055724,87_16_stream2,ir_on,0,0,0,,,,,,,,False,False,"IR_ON:CAM3|화각변경 감지안함 sat=0.0 (IR ON<=15.0 / OFF>=25.0) applied_shift=(0.0,0.0)"
2026-09-11T05:57:41+09:00,CAM2_20260911_055741,87_12_stream2,ir_on,0,0,0,,,,,,,,False,False,"IR_ON:CAM2|화각변경 감지안함 sat=0.0 (IR ON<=15.0 / OFF>=25.0) applied_shift=(0.0,0.0)"
2026-09-11T05:57:46+09:00,CAM4_20260911_055746,87_9_h264_2,normal,0,0,0,9,1,,,c0:dx=3.4 dy=2.5 shift=4.3 resp=0.09|c1:dx=1.5 dy=0.9 shift=1.7 resp=0.06|c2:dx=10.3 dy=-2.7 shift=10.7 resp=0.07|c3:dx=0.5 dy=0.1 shift=0.5 resp=0.31|c4:dx=0.1 dy=-0.3 shift=0.3 resp=0.25|c5:dx=0.1 dy=0.1 shift=0.1 resp=0.44|c6:dx=-0.4 dy=0.2 shift=0.5 resp=0.44|c7:dx=-0.2 dy=-0.1 shift=0.2 resp=0.39|c8:dx=-0.1 dy=-0.0 shift=0.1 resp=0.80,41.0|58.0|48.3|52.6|37.8|12.2|25.6|50.1|28.6,77.9,True,False,"grid_shift=(10.3,-2.7) mag=10.7px suspect_mean=None h=- applied_shift=(0.0,0.0) method=-"
2026-09-11T06:02:10+09:00,CAM5_20260911_060210,87_10_stream2,ir_on,0,0,0,,,,,,,,False,False,"IR_ON:CAM5|화각변경 감지안함 sat=0.0 (IR ON<=15.0 / OFF>=25.0) applied_shift=(0.0,0.0)"
2026-09-11T06:02:23+09:00,CAM1_20260911_060223,87_11_stream2,ir_on,0,0,0,,,,,,,,False,False,"IR_ON:CAM1|화각변경 감지안함 sat=0.0 (IR ON<=15.0 / OFF>=25.0) applied_shift=(0.0,0.0)"
2026-09-11T06:02:23+09:00,CAM6_20260911_060223,87_15_stream2,ir_on,0,0,0,,,,,,,,False,False,"IR_ON:CAM6|화각변경 감지안함 sat=0.0 (IR ON<=15.0 / OFF>=25.0) applied_shift=(0.0,0.0)"
2026-09-11T06:02:24+09:00,CAM3_20260911_060224,87_16_stream2,ir_on,0,0,0,,,,,,,,False,False,"IR_ON:CAM3|화각변경 감지안함 sat=0.0 (IR ON<=15.0 / OFF>=25.0) applied_shift=(0.0,0.0)"
2026-09-11T06:02:41+09:00,CAM2_20260911_060241,87_12_stream2,ir_on,0,0,0,,,,,,,,False,False,"IR_ON:CAM2|화각변경 감지안함 sat=0.0 (IR ON<=15.0 / OFF>=25.0) applied_shift=(0.0,0.0)"
2026-09-11T06:02:47+09:00,CAM4_20260911_060247,87_9_h264_2,normal,0,0,0,9,0,,,c0:dx=0.1 dy=0.0 shift=0.1 resp=0.96|c1:dx=0.0 dy=-0.0 shift=0.0 resp=0.93|c2:dx=-0.1 dy=0.1 shift=0.2 resp=0.99|c3:dx=-0.0 dy=0.0 shift=0.0 resp=0.98|c4:dx=-0.0 dy=-0.0 shift=0.0 resp=0.99|c5:dx=-0.1 dy=0.1 shift=0.1 resp=0.98|c6:dx=-0.0 dy=-0.1 shift=0.1 resp=0.88|c7:dx=-0.0 dy=-0.1 shift=0.1 resp=0.99|c8:dx=-0.1 dy=-0.0 shift=0.1 resp=0.92,40.7|57.8|48.3|55.5|87.7|60.7|23.7|50.5|36.5,78.0,True,False,"grid_shift=(0.0,0.0) mag=0.0px suspect_mean=None h=- applied_shift=(0.0,0.0) method=-"
2026-09-11T06:07:10+09:00,CAM5_20260911_060710,87_10_stream2,normal,0,0,0,,,,,,,,False,False,"IR_OFF_STABILIZE:CAM5|화각변경 비교 대기 remaining=30.0s applied_shift=(0.0,0.0)"
2026-09-11T06:07:23+09:00,CAM1_20260911_060723,87_11_stream2,ir_on,0,0,0,,,,,,,,False,False,"IR_ON:CAM1|화각변경 감지안함 sat=0.0 (IR ON<=15.0 / OFF>=25.0) applied_shift=(0.0,0.0)"
2026-09-11T06:07:23+09:00,CAM6_20260911_060723,87_15_stream2,ir_on,0,0,0,,,,,,,,False,False,"IR_ON:CAM6|화각변경 감지안함 sat=0.0 (IR ON<=15.0 / OFF>=25.0) applied_shift=(0.0,0.0)"
2026-09-11T06:07:24+09:00,CAM3_20260911_060724,87_16_stream2,normal,0,0,0,,,,,,,,False,False,"IR_OFF_STABILIZE:CAM3|화각변경 비교 대기 remaining=30.0s applied_shift=(0.0,0.0)"
2026-09-11T06:07:40+09:00,CAM5_20260911_060740,87_10_stream2,normal,0,0,0,9,0,,,c0:dx=0.1 dy=-0.2 shift=0.2 resp=0.17|c1:dx=-0.1 dy=0.6 shift=0.6 resp=0.23|c2:dx=-0.5 dy=0.2 shift=0.6 resp=0.08|c3:dx=0.2 dy=0.2 shift=0.3 resp=0.40|c4:dx=0.0 dy=0.3 shift=0.3 resp=0.52|c5:dx=-0.4 dy=0.3 shift=0.5 resp=0.15|c6:dx=0.7 dy=-0.1 shift=0.7 resp=0.25|c7:dx=-0.1 dy=0.0 shift=0.1 resp=0.79|c8:dx=-0.4 dy=-0.3 shift=0.5 resp=0.67,39.5|38.0|35.3|36.7|26.2|40.9|25.1|30.1|27.7,53.3,True,False,"grid_shift=(0.0,0.0) mag=0.0px suspect_mean=None h=- applied_shift=(0.0,0.0) method=-"
2026-09-11T06:07:41+09:00,CAM2_20260911_060741,87_12_stream2,ir_on,0,0,0,,,,,,,,False,False,"IR_ON:CAM2|화각변경 감지안함 sat=0.0 (IR ON<=15.0 / OFF>=25.0) applied_shift=(0.0,0.0)"
2026-09-11T06:07:47+09:00,CAM4_20260911_060747,87_9_h264_2,normal,0,0,0,9,0,,,c0:dx=-0.0 dy=0.0 shift=0.0 resp=0.98|c1:dx=-0.0 dy=0.0 shift=0.1 resp=0.96|c2:dx=0.2 dy=0.2 shift=0.3 resp=0.96|c3:dx=-0.0 dy=-0.0 shift=0.0 resp=0.98|c4:dx=-0.1 dy=0.1 shift=0.1 resp=1.00|c5:dx=-0.1 dy=0.0 shift=0.1 resp=1.00|c6:dx=-0.1 dy=0.0 shift=0.1 resp=0.89|c7:dx=-0.1 dy=0.0 shift=0.1 resp=0.98|c8:dx=-0.1 dy=0.0 shift=0.1 resp=0.96,40.7|57.7|49.5|55.5|87.1|60.4|23.7|51.1|37.4,77.7,True,False,"grid_shift=(0.0,0.0) mag=0.0px suspect_mean=None h=- applied_shift=(0.0,0.0) method=-"
2026-09-11T06:07:54+09:00,CAM3_20260911_060754,87_16_stream2,normal,0,0,0,9,2,,,c0:dx=0.3 dy=0.2 shift=0.4 resp=0.24|c1:dx=0.1 dy=0.6 shift=0.6 resp=0.31|c2:dx=-0.3 dy=0.1 shift=0.3 resp=0.38|c3:dx=1.2 dy=14.1 shift=14.2 resp=0.01|c4:dx=-0.2 dy=0.1 shift=0.2 resp=0.54|c5:dx=-13.0 dy=-8.6 shift=15.6 resp=0.01|c6:dx=0.4 dy=-0.2 shift=0.4 resp=0.42|c7:dx=-0.4 dy=-1.1 shift=1.2 resp=0.35|c8:dx=-1.2 dy=4.9 shift=5.0 resp=-0.12,51.7|47.3|58.3|40.7|45.2|23.5|32.9|31.3|55.0,69.7,True,False,"grid_shift=(-5.9,2.7) mag=6.5px suspect_mean=None h=- applied_shift=(0.0,0.0) method=-"
2026-09-11T06:12:23+09:00,CAM1_20260911_061223,87_11_stream2,ir_on,0,0,0,,,,,,,,False,False,"IR_ON:CAM1|화각변경 감지안함 sat=0.0 (IR ON<=15.0 / OFF>=25.0) applied_shift=(0.0,0.0)"
2026-09-11T06:12:23+09:00,CAM6_20260911_061223,87_15_stream2,ir_on,0,0,0,,,,,,,,False,False,"IR_ON:CAM6|화각변경 감지안함 sat=0.0 (IR ON<=15.0 / OFF>=25.0) applied_shift=(0.0,0.0)"
2026-09-11T06:12:40+09:00,CAM5_20260911_061240,87_10_stream2,normal,0,0,0,9,0,,,c0:dx=0.0 dy=0.0 shift=0.0 resp=0.99|c1:dx=0.0 dy=0.1 shift=0.1 resp=0.96|c2:dx=0.0 dy=-0.0 shift=0.0 resp=0.97|c3:dx=0.1 dy=0.0 shift=0.1 resp=0.94|c4:dx=0.0 dy=-0.1 shift=0.1 resp=0.79|c5:dx=0.0 dy=0.0 shift=0.0 resp=0.99|c6:dx=0.0 dy=0.0 shift=0.0 resp=0.89|c7:dx=0.0 dy=0.0 shift=0.0 resp=0.92|c8:dx=0.0 dy=0.0 shift=0.0 resp=0.93,78.6|43.3|64.0|48.1|26.0|55.8|31.5|30.1|27.7,53.7,True,False,"grid_shift=(0.0,0.0) mag=0.0px suspect_mean=None h=- applied_shift=(0.0,0.0) method=-"
2026-09-11T06:12:41+09:00,CAM2_20260911_061241,87_12_stream2,ir_on,0,0,0,,,,,,,,False,False,"IR_ON:CAM2|화각변경 감지안함 sat=0.0 (IR ON<=15.0 / OFF>=25.0) applied_shift=(0.0,0.0)"
2026-09-11T06:12:47+09:00,CAM4_20260911_061247,87_9_h264_2,normal,0,0,0,9,0,,,c0:dx=0.1 dy=0.0 shift=0.1 resp=0.98|c1:dx=0.4 dy=-0.0 shift=0.4 resp=0.91|c2:dx=-0.2 dy=-0.2 shift=0.3 resp=0.95|c3:dx=0.2 dy=-0.1 shift=0.2 resp=0.99|c4:dx=0.1 dy=-0.2 shift=0.2 resp=1.00|c5:dx=0.0 dy=-0.1 shift=0.1 resp=1.00|c6:dx=0.3 dy=-0.1 shift=0.4 resp=0.91|c7:dx=0.1 dy=-0.1 shift=0.1 resp=0.97|c8:dx=0.1 dy=-0.2 shift=0.2 resp=0.97,40.9|57.7|49.9|56.1|87.1|60.4|23.9|51.1|37.7,78.4,True,False,"grid_shift=(0.0,0.0) mag=0.0px suspect_mean=None h=- applied_shift=(0.0,0.0) method=-"
2026-09-11T06:12:55+09:00,CAM3_20260911_061255,87_16_stream2,normal,0,0,0,9,0,,,c0:dx=-0.0 dy=-0.0 shift=0.0 resp=0.99|c1:dx=-0.0 dy=0.1 shift=0.1 resp=0.84|c2:dx=-0.0 dy=0.0 shift=0.0 resp=0.99|c3:dx=-0.0 dy=-0.0 shift=0.0 resp=0.96|c4:dx=-0.0 dy=0.0 shift=0.1 resp=0.93|c5:dx=-0.0 dy=0.0 shift=0.0 resp=0.95|c6:dx=-0.0 dy=0.0 shift=0.0 resp=0.93|c7:dx=0.0 dy=-0.0 shift=0.0 resp=0.79|c8:dx=-0.1 dy=0.0 shift=0.1 resp=0.98,76.4|47.3|75.6|66.9|45.2|57.6|49.1|31.3|55.0,70.2,True,False,"grid_shift=(0.0,0.0) mag=0.0px suspect_mean=None h=- applied_shift=(0.0,0.0) method=-"
2026-09-11T06:17:23+09:00,CAM6_20260911_061723,87_15_stream2,normal,0,0,0,,,,,,,,False,False,"IR_OFF_STABILIZE:CAM6|화각변경 비교 대기 remaining=30.0s applied_shift=(0.0,0.0)"
2026-09-11T06:17:24+09:00,CAM1_20260911_061724,87_11_stream2,ir_on,0,0,0,,,,,,,,False,False,"IR_ON:CAM1|화각변경 감지안함 sat=19.7 (IR ON<=15.0 / OFF>=25.0) applied_shift=(0.0,0.0)"
2026-09-11T06:17:40+09:00,CAM5_20260911_061740,87_10_stream2,normal,0,0,0,9,0,,,c0:dx=0.0 dy=-0.0 shift=0.0 resp=0.99|c1:dx=0.0 dy=0.0 shift=0.0 resp=0.96|c2:dx=-0.0 dy=0.0 shift=0.0 resp=0.98|c3:dx=0.0 dy=0.0 shift=0.0 resp=0.95|c4:dx=0.1 dy=0.0 shift=0.1 resp=0.79|c5:dx=-0.0 dy=0.0 shift=0.0 resp=0.99|c6:dx=-0.0 dy=-0.1 shift=0.1 resp=0.90|c7:dx=0.0 dy=0.0 shift=0.0 resp=0.90|c8:dx=-0.0 dy=-0.0 shift=0.0 resp=0.93,78.2|43.2|64.0|48.1|25.8|56.2|31.7|30.6|28.8,53.3,True,False,"grid_shift=(0.0,0.0) mag=0.0px suspect_mean=None h=- applied_shift=(0.0,0.0) method=-"
2026-09-11T06:17:41+09:00,CAM2_20260911_061741,87_12_stream2,ir_on,0,0,0,,,,,,,,False,False,"IR_ON:CAM2|화각변경 감지안함 sat=24.4 (IR ON<=15.0 / OFF>=25.0) applied_shift=(0.0,0.0)"
2026-09-11T06:17:47+09:00,CAM4_20260911_061747,87_9_h264_2,normal,0,0,0,9,0,,,c0:dx=0.1 dy=-0.0 shift=0.1 resp=0.98|c1:dx=-0.2 dy=0.0 shift=0.2 resp=0.93|c2:dx=-0.0 dy=0.0 shift=0.0 resp=0.97|c3:dx=0.0 dy=-0.0 shift=0.0 resp=0.98|c4:dx=-0.0 dy=0.0 shift=0.0 resp=1.00|c5:dx=0.0 dy=-0.0 shift=0.0 resp=0.99|c6:dx=0.0 dy=0.0 shift=0.0 resp=0.89|c7:dx=0.1 dy=-0.1 shift=0.1 resp=0.99|c8:dx=0.0 dy=-0.0 shift=0.0 resp=0.98,40.3|56.4|49.2|52.8|85.6|60.7|23.5|51.9|37.4,75.1,True,False,"grid_shift=(0.0,0.0) mag=0.0px suspect_mean=None h=- applied_shift=(0.0,0.0) method=-"
2026-09-11T06:17:54+09:00,CAM6_20260911_061754,87_15_stream2,normal,0,0,0,9,0,,,c0:dx=0.1 dy=-0.0 shift=0.1 resp=0.36|c1:dx=0.2 dy=0.8 shift=0.8 resp=0.19|c2:dx=-0.5 dy=-0.1 shift=0.5 resp=0.25|c3:dx=0.0 dy=0.0 shift=0.0 resp=0.43|c4:dx=-0.3 dy=0.3 shift=0.4 resp=0.19|c5:dx=-0.7 dy=0.3 shift=0.8 resp=0.27|c6:dx=0.0 dy=-0.4 shift=0.4 resp=0.74|c7:dx=0.0 dy=0.3 shift=0.3 resp=0.50|c8:dx=-0.4 dy=0.2 shift=0.4 resp=0.31,34.9|79.1|67.6|39.8|47.8|68.7|33.3|31.3|39.0,78.6,True,False,"grid_shift=(0.0,0.0) mag=0.0px suspect_mean=None h=- applied_shift=(0.0,0.0) method=-"
2026-09-11T06:17:55+09:00,CAM3_20260911_061755,87_16_stream2,normal,0,0,0,9,0,,,c0:dx=0.0 dy=0.0 shift=0.0 resp=1.00|c1:dx=-0.0 dy=-0.0 shift=0.0 resp=0.84|c2:dx=-0.0 dy=0.0 shift=0.0 resp=0.98|c3:dx=0.0 dy=0.1 shift=0.1 resp=0.98|c4:dx=0.0 dy=-0.0 shift=0.0 resp=0.91|c5:dx=0.1 dy=-0.0 shift=0.1 resp=0.96|c6:dx=0.0 dy=0.1 shift=0.1 resp=0.92|c7:dx=0.0 dy=-0.0 shift=0.0 resp=0.80|c8:dx=0.0 dy=-0.0 shift=0.0 resp=0.99,75.9|47.1|75.3|66.6|45.9|57.4|48.7|32.2|56.4,69.8,True,False,"grid_shift=(0.0,0.0) mag=0.0px suspect_mean=None h=- applied_shift=(0.0,0.0) method=-"
2026-09-11T06:22:24+09:00,CAM1_20260911_062224,87_11_stream2,ir_on,0,0,0,,,,,,,,False,False,"IR_ON:CAM1|화각변경 감지안함 sat=19.0 (IR ON<=15.0 / OFF>=25.0) applied_shift=(0.0,0.0)"
2026-09-11T06:22:40+09:00,CAM5_20260911_062240,87_10_stream2,normal,0,0,0,9,0,,,c0:dx=-0.0 dy=0.0 shift=0.0 resp=0.99|c1:dx=0.0 dy=-0.0 shift=0.0 resp=0.95|c2:dx=0.0 dy=-0.0 shift=0.0 resp=0.98|c3:dx=-0.0 dy=-0.1 shift=0.1 resp=0.95|c4:dx=-0.0 dy=0.0 shift=0.0 resp=0.80|c5:dx=-0.0 dy=-0.0 shift=0.0 resp=0.99|c6:dx=-0.0 dy=0.0 shift=0.0 resp=0.91|c7:dx=0.0 dy=-0.0 shift=0.0 resp=0.90|c8:dx=-0.0 dy=0.0 shift=0.0 resp=0.92,77.5|43.1|63.6|48.1|25.8|55.7|31.7|30.6|28.8,53.5,True,False,"grid_shift=(0.0,0.0) mag=0.0px suspect_mean=None h=- applied_shift=(0.0,0.0) method=-"
2026-09-11T06:22:41+09:00,CAM2_20260911_062241,87_12_stream2,ir_on,0,0,0,,,,,,,,False,False,"IR_ON:CAM2|화각변경 감지안함 sat=22.9 (IR ON<=15.0 / OFF>=25.0) applied_shift=(0.0,0.0)"
2026-09-11T06:22:47+09:00,CAM4_20260911_062247,87_9_h264_2,normal,0,0,0,9,0,,,c0:dx=0.0 dy=0.0 shift=0.0 resp=0.99|c1:dx=-0.3 dy=-0.0 shift=0.3 resp=0.96|c2:dx=-0.1 dy=-0.0 shift=0.1 resp=0.97|c3:dx=-0.1 dy=0.0 shift=0.1 resp=0.99|c4:dx=-0.0 dy=0.0 shift=0.0 resp=1.00|c5:dx=-0.1 dy=0.0 shift=0.1 resp=0.99|c6:dx=0.0 dy=-0.1 shift=0.1 resp=0.91|c7:dx=-0.0 dy=0.0 shift=0.0 resp=0.98|c8:dx=-0.0 dy=0.0 shift=0.1 resp=0.98,39.9|56.2|49.2|52.1|85.2|60.7|23.5|51.4|37.3,74.5,True,False,"grid_shift=(0.0,0.0) mag=0.0px suspect_mean=None h=- applied_shift=(0.0,0.0) method=-"
2026-09-11T06:22:54+09:00,CAM6_20260911_062254,87_15_stream2,normal,0,0,0,9,0,,,c0:dx=0.0 dy=0.0 shift=0.0 resp=0.98|c1:dx=0.0 dy=0.0 shift=0.0 resp=1.00|c2:dx=0.0 dy=0.0 shift=0.0 resp=1.00|c3:dx=0.1 dy=-0.0 shift=0.1 resp=0.97|c4:dx=-0.0 dy=-0.0 shift=0.0 resp=0.98|c5:dx=-0.0 dy=-0.0 shift=0.0 resp=1.00|c6:dx=0.0 dy=0.0 shift=0.0 resp=0.98|c7:dx=-0.1 dy=-0.0 shift=0.1 resp=0.96|c8:dx=-0.0 dy=0.0 shift=0.0 resp=0.97,89.1|90.9|95.5|67.7|55.6|85.3|33.3|31.3|39.0,79.0,True,False,"grid_shift=(0.0,0.0) mag=0.0px suspect_mean=None h=- applied_shift=(0.0,0.0) method=-"
2026-09-11T06:22:55+09:00,CAM3_20260911_062255,87_16_stream2,normal,0,0,0,9,0,,,c0:dx=0.0 dy=-0.0 shift=0.0 resp=0.99|c1:dx=0.1 dy=-0.0 shift=0.1 resp=0.83|c2:dx=-0.0 dy=0.0 shift=0.0 resp=0.99|c3:dx=0.0 dy=0.0 shift=0.0 resp=0.98|c4:dx=-0.0 dy=0.1 shift=0.1 resp=0.92|c5:dx=-0.0 dy=-0.0 shift=0.0 resp=0.99|c6:dx=0.0 dy=-0.1 shift=0.1 resp=0.92|c7:dx=-0.1 dy=-0.0 shift=0.1 resp=0.78|c8:dx=0.0 dy=-0.0 shift=0.0 resp=0.99,75.4|47.1|74.9|66.6|45.9|56.9|48.7|32.2|56.3,70.0,True,False,"grid_shift=(0.0,0.0) mag=0.0px suspect_mean=None h=- applied_shift=(0.0,0.0) method=-"
2026-09-11T06:27:24+09:00,CAM1_20260911_062724,87_11_stream2,ir_on,0,0,0,,,,,,,,False,False,"IR_ON:CAM1|화각변경 감지안함 sat=19.9 (IR ON<=15.0 / OFF>=25.0) applied_shift=(0.0,0.0)"
2026-09-11T06:27:40+09:00,CAM5_20260911_062740,87_10_stream2,normal,0,0,0,9,0,,,c0:dx=0.0 dy=-0.0 shift=0.0 resp=0.99|c1:dx=0.0 dy=-0.0 shift=0.0 resp=0.96|c2:dx=-0.0 dy=0.0 shift=0.0 resp=0.98|c3:dx=0.0 dy=0.0 shift=0.0 resp=0.94|c4:dx=0.0 dy=0.0 shift=0.0 resp=0.80|c5:dx=0.0 dy=-0.0 shift=0.0 resp=0.98|c6:dx=0.1 dy=0.0 shift=0.1 resp=0.90|c7:dx=-0.0 dy=-0.0 shift=0.0 resp=0.89|c8:dx=0.1 dy=0.0 shift=0.1 resp=0.93,77.5|43.1|63.6|48.4|26.1|55.7|33.0|30.8|28.8,54.1,True,False,"grid_shift=(0.0,0.0) mag=0.0px suspect_mean=None h=- applied_shift=(0.0,0.0) method=-"
2026-09-11T06:27:41+09:00,CAM2_20260911_062741,87_12_stream2,ir_on,0,0,0,,,,,,,,False,False,"IR_ON:CAM2|화각변경 감지안함 sat=23.4 (IR ON<=15.0 / OFF>=25.0) applied_shift=(0.0,0.0)"
2026-09-11T06:27:48+09:00,CAM4_20260911_062747,87_9_h264_2,normal,0,0,0,9,0,,,c0:dx=0.1 dy=-0.0 shift=0.1 resp=1.00|c1:dx=0.1 dy=-0.1 shift=0.1 resp=0.97|c2:dx=0.1 dy=0.0 shift=0.1 resp=0.97|c3:dx=0.0 dy=-0.0 shift=0.1 resp=0.98|c4:dx=0.0 dy=0.0 shift=0.0 resp=1.00|c5:dx=0.0 dy=-0.0 shift=0.0 resp=0.99|c6:dx=0.0 dy=0.1 shift=0.1 resp=0.88|c7:dx=0.0 dy=-0.1 shift=0.1 resp=0.98|c8:dx=-0.0 dy=-0.0 shift=0.1 resp=0.98,39.6|55.4|48.7|49.2|84.3|60.6|22.6|51.4|37.3,73.1,True,False,"grid_shift=(0.0,0.0) mag=0.0px suspect_mean=None h=- applied_shift=(0.0,0.0) method=-"
2026-09-11T06:27:54+09:00,CAM6_20260911_062754,87_15_stream2,normal,0,0,0,9,0,,,c0:dx=-0.0 dy=0.0 shift=0.0 resp=0.99|c1:dx=-0.0 dy=-0.0 shift=0.0 resp=1.00|c2:dx=-0.0 dy=0.0 shift=0.0 resp=1.00|c3:dx=0.0 dy=-0.1 shift=0.1 resp=0.95|c4:dx=0.0 dy=0.1 shift=0.1 resp=0.98|c5:dx=0.0 dy=-0.0 shift=0.0 resp=0.99|c6:dx=-0.0 dy=-0.1 shift=0.1 resp=0.96|c7:dx=0.0 dy=-0.1 shift=0.1 resp=0.95|c8:dx=0.0 dy=-0.0 shift=0.0 resp=0.98,88.7|90.0|94.4|68.2|55.2|84.7|32.7|31.1|39.3,78.3,True,False,"grid_shift=(0.0,0.0) mag=0.0px suspect_mean=None h=- applied_shift=(0.0,0.0) method=-"
2026-09-11T06:27:55+09:00,CAM3_20260911_062755,87_16_stream2,normal,0,0,0,9,0,,,c0:dx=0.0 dy=0.0 shift=0.0 resp=0.99|c1:dx=-0.1 dy=-0.0 shift=0.1 resp=0.83|c2:dx=-0.0 dy=-0.0 shift=0.0 resp=0.99|c3:dx=0.0 dy=-0.0 shift=0.0 resp=0.97|c4:dx=-0.1 dy=-0.0 shift=0.1 resp=0.91|c5:dx=-0.0 dy=0.0 shift=0.0 resp=0.96|c6:dx=0.0 dy=0.1 shift=0.1 resp=0.92|c7:dx=-0.0 dy=0.0 shift=0.0 resp=0.78|c8:dx=-0.0 dy=-0.0 shift=0.0 resp=0.99,75.4|47.3|74.9|67.3|46.4|56.9|50.1|32.8|56.3,70.7,True,False,"grid_shift=(0.0,0.0) mag=0.0px suspect_mean=None h=- applied_shift=(0.0,0.0) method=-"
2026-09-11T06:32:24+09:00,CAM1_20260911_063224,87_11_stream2,ir_on,0,0,0,,,,,,,,False,False,"IR_ON:CAM1|화각변경 감지안함 sat=20.1 (IR ON<=15.0 / OFF>=25.0) applied_shift=(0.0,0.0)"
2026-09-11T06:32:40+09:00,CAM5_20260911_063240,87_10_stream2,normal,0,0,0,9,0,,,c0:dx=-0.0 dy=-0.0 shift=0.0 resp=0.98|c1:dx=-0.1 dy=0.0 shift=0.1 resp=0.95|c2:dx=-0.0 dy=0.0 shift=0.0 resp=0.97|c3:dx=0.0 dy=0.0 shift=0.0 resp=0.95|c4:dx=-0.1 dy=0.0 shift=0.1 resp=0.73|c5:dx=-0.1 dy=0.0 shift=0.1 resp=0.99|c6:dx=-0.1 dy=-0.0 shift=0.1 resp=0.88|c7:dx=-0.1 dy=0.0 shift=0.1 resp=0.87|c8:dx=-0.1 dy=-0.0 shift=0.1 resp=0.93,77.8|43.1|63.7|48.9|27.0|56.6|32.5|30.3|28.4,54.2,True,False,"grid_shift=(0.0,0.0) mag=0.0px suspect_mean=None h=- applied_shift=(0.0,0.0) method=-"
2026-09-11T06:32:41+09:00,CAM2_20260911_063241,87_12_stream2,ir_on,0,0,0,,,,,,,,False,False,"IR_ON:CAM2|화각변경 감지안함 sat=21.0 (IR ON<=15.0 / OFF>=25.0) applied_shift=(0.0,0.0)"
2026-09-11T06:32:48+09:00,CAM4_20260911_063248,87_9_h264_2,normal,0,0,0,9,0,,,c0:dx=-0.1 dy=0.1 shift=0.1 resp=0.99|c1:dx=0.1 dy=0.0 shift=0.1 resp=0.96|c2:dx=-0.1 dy=0.0 shift=0.1 resp=0.98|c3:dx=0.0 dy=-0.0 shift=0.0 resp=0.97|c4:dx=-0.0 dy=0.0 shift=0.0 resp=1.00|c5:dx=-0.0 dy=0.0 shift=0.0 resp=1.00|c6:dx=-0.1 dy=-0.1 shift=0.1 resp=0.89|c7:dx=-0.0 dy=0.1 shift=0.1 resp=0.98|c8:dx=-0.0 dy=0.1 shift=0.1 resp=0.98,39.6|55.4|48.7|49.2|84.3|60.0|22.5|50.0|37.3,75.3,True,False,"grid_shift=(0.0,0.0) mag=0.0px suspect_mean=None h=- applied_shift=(0.0,0.0) method=-"
2026-09-11T06:32:54+09:00,CAM6_20260911_063254,87_15_stream2,normal,0,0,0,9,0,,,c0:dx=0.0 dy=0.0 shift=0.0 resp=0.98|c1:dx=-0.0 dy=-0.0 shift=0.0 resp=1.00|c2:dx=-0.0 dy=0.0 shift=0.0 resp=0.99|c3:dx=-0.0 dy=-0.0 shift=0.0 resp=0.94|c4:dx=-0.0 dy=-0.0 shift=0.0 resp=0.98|c5:dx=-0.0 dy=0.0 shift=0.0 resp=0.99|c6:dx=0.0 dy=0.0 shift=0.0 resp=0.95|c7:dx=0.0 dy=0.0 shift=0.0 resp=0.95|c8:dx=-0.0 dy=-0.0 shift=0.0 resp=0.98,88.5|90.0|94.3|68.1|55.2|84.3|32.6|31.1|38.9,78.2,True,False,"grid_shift=(0.0,0.0) mag=0.0px suspect_mean=None h=- applied_shift=(0.0,0.0) method=-"
2026-09-11T06:32:55+09:00,CAM3_20260911_063255,87_16_stream2,normal,0,0,0,9,0,,,c0:dx=-0.0 dy=0.0 shift=0.0 resp=0.99|c1:dx=0.0 dy=0.0 shift=0.1 resp=0.82|c2:dx=0.0 dy=0.0 shift=0.0 resp=0.98|c3:dx=-0.0 dy=0.0 shift=0.0 resp=0.96|c4:dx=0.0 dy=0.0 shift=0.1 resp=0.89|c5:dx=-0.1 dy=0.0 shift=0.1 resp=0.95|c6:dx=0.0 dy=-0.0 shift=0.0 resp=0.93|c7:dx=0.1 dy=0.0 shift=0.1 resp=0.77|c8:dx=-0.0 dy=-0.0 shift=0.0 resp=0.99,75.5|47.3|74.6|67.3|45.7|57.9|50.1|31.8|55.4,70.4,True,False,"grid_shift=(0.0,0.0) mag=0.0px suspect_mean=None h=- applied_shift=(0.0,0.0) method=-"
2026-09-11T06:37:24+09:00,CAM1_20260911_063724,87_11_stream2,ir_on,0,0,0,,,,,,,,False,False,"IR_ON:CAM1|화각변경 감지안함 sat=20.7 (IR ON<=15.0 / OFF>=25.0) applied_shift=(0.0,0.0)"
2026-09-11T06:37:40+09:00,CAM5_20260911_063740,87_10_stream2,normal,0,0,0,9,0,,,c0:dx=0.0 dy=0.0 shift=0.0 resp=0.97|c1:dx=0.1 dy=0.0 shift=0.1 resp=0.96|c2:dx=0.1 dy=-0.0 shift=0.1 resp=0.97|c3:dx=0.1 dy=0.0 shift=0.1 resp=0.94|c4:dx=0.2 dy=0.0 shift=0.2 resp=0.71|c5:dx=0.0 dy=-0.0 shift=0.0 resp=0.98|c6:dx=0.1 dy=0.1 shift=0.1 resp=0.88|c7:dx=0.1 dy=-0.0 shift=0.1 resp=0.87|c8:dx=0.1 dy=0.0 shift=0.1 resp=0.93,77.7|42.6|63.7|47.5|26.1|56.1|32.3|29.7|28.4,53.0,True,False,"grid_shift=(0.0,0.0) mag=0.0px suspect_mean=None h=- applied_shift=(0.0,0.0) method=-"
2026-09-11T06:37:41+09:00,CAM2_20260911_063741,87_12_stream2,ir_on,0,0,0,,,,,,,,False,False,"IR_ON:CAM2|화각변경 감지안함 sat=22.5 (IR ON<=15.0 / OFF>=25.0) applied_shift=(0.0,0.0)"
2026-09-11T06:37:48+09:00,CAM4_20260911_063748,87_9_h264_2,normal,0,0,0,9,0,,,c0:dx=0.0 dy=-0.0 shift=0.0 resp=0.98|c1:dx=-0.0 dy=-0.0 shift=0.0 resp=0.95|c2:dx=-0.0 dy=-0.0 shift=0.0 resp=0.98|c3:dx=0.0 dy=-0.0 shift=0.0 resp=0.97|c4:dx=-0.0 dy=-0.0 shift=0.0 resp=0.99|c5:dx=0.0 dy=-0.0 shift=0.0 resp=0.98|c6:dx=0.1 dy=-0.0 shift=0.1 resp=0.90|c7:dx=0.0 dy=-0.0 shift=0.1 resp=1.00|c8:dx=0.0 dy=-0.1 shift=0.1 resp=0.98,38.8|54.2|47.2|48.6|82.7|59.4|22.5|48.8|34.9,70.1,True,False,"grid_shift=(0.0,0.0) mag=0.0px suspect_mean=None h=- applied_shift=(0.0,0.0) method=-"
2026-09-11T06:37:54+09:00,CAM6_20260911_063754,87_15_stream2,normal,0,0,0,9,0,,,c0:dx=-0.0 dy=-0.0 shift=0.0 resp=0.98|c1:dx=0.0 dy=0.0 shift=0.0 resp=0.99|c2:dx=0.0 dy=-0.0 shift=0.0 resp=0.99|c3:dx=0.1 dy=0.0 shift=0.1 resp=0.95|c4:dx=0.0 dy=-0.0 shift=0.0 resp=0.98|c5:dx=-0.0 dy=0.0 shift=0.0 resp=0.98|c6:dx=-0.0 dy=0.0 shift=0.0 resp=0.93|c7:dx=0.0 dy=0.0 shift=0.0 resp=0.95|c8:dx=-0.0 dy=-0.0 shift=0.0 resp=0.97,88.5|90.1|94.3|66.2|53.9|84.3|31.6|30.2|38.6,78.0,True,False,"grid_shift=(0.0,0.0) mag=0.0px suspect_mean=None h=- applied_shift=(0.0,0.0) method=-"
2026-09-11T06:37:55+09:00,CAM3_20260911_063755,87_16_stream2,normal,0,0,0,9,0,,,c0:dx=-0.0 dy=-0.0 shift=0.0 resp=1.00|c1:dx=-0.1 dy=0.0 shift=0.1 resp=0.83|c2:dx=-0.0 dy=0.0 shift=0.0 resp=0.97|c3:dx=0.0 dy=-0.0 shift=0.0 resp=0.97|c4:dx=-0.1 dy=-0.0 shift=0.1 resp=0.89|c5:dx=0.0 dy=-0.0 shift=0.0 resp=0.97|c6:dx=-0.0 dy=0.0 shift=0.0 resp=0.93|c7:dx=-0.0 dy=0.0 shift=0.0 resp=0.81|c8:dx=0.0 dy=0.0 shift=0.0 resp=0.98,75.5|46.7|74.6|66.0|45.4|57.4|49.2|31.8|55.4,70.0,True,False,"grid_shift=(0.0,0.0) mag=0.0px suspect_mean=None h=- applied_shift=(0.0,0.0) method=-"
2026-09-11T06:42:24+09:00,CAM1_20260911_064224,87_11_stream2,ir_on,0,0,0,,,,,,,,False,False,"IR_ON:CAM1|화각변경 감지안함 sat=22.8 (IR ON<=15.0 / OFF>=25.0) applied_shift=(0.0,0.0)"
2026-09-11T06:42:40+09:00,CAM5_20260911_064240,87_10_stream2,normal,0,0,0,9,0,,,c0:dx=0.0 dy=-0.0 shift=0.0 resp=0.98|c1:dx=-0.0 dy=0.0 shift=0.0 resp=0.96|c2:dx=-0.0 dy=-0.0 shift=0.0 resp=0.98|c3:dx=-0.0 dy=-0.0 shift=0.1 resp=0.95|c4:dx=-0.1 dy=-0.0 shift=0.1 resp=0.75|c5:dx=0.0 dy=-0.0 shift=0.0 resp=0.97|c6:dx=-0.0 dy=-0.0 shift=0.0 resp=0.90|c7:dx=-0.1 dy=-0.0 shift=0.1 resp=0.90|c8:dx=-0.0 dy=0.0 shift=0.0 resp=0.92,77.4|42.6|63.8|47.5|26.1|56.1|32.0|29.7|29.6,53.5,True,False,"grid_shift=(0.0,0.0) mag=0.0px suspect_mean=None h=- applied_shift=(0.0,0.0) method=-"
2026-09-11T06:42:41+09:00,CAM2_20260911_064241,87_12_stream2,ir_on,0,0,0,,,,,,,,False,False,"IR_ON:CAM2|화각변경 감지안함 sat=18.5 (IR ON<=15.0 / OFF>=25.0) applied_shift=(0.0,0.0)"
2026-09-11T06:42:48+09:00,CAM4_20260911_064248,87_9_h264_2,normal,0,0,0,9,0,,,c0:dx=-0.0 dy=-0.0 shift=0.0 resp=0.99|c1:dx=0.0 dy=-0.1 shift=0.1 resp=0.96|c2:dx=0.1 dy=0.0 shift=0.1 resp=0.96|c3:dx=0.0 dy=-0.0 shift=0.0 resp=0.99|c4:dx=0.0 dy=0.0 shift=0.0 resp=0.99|c5:dx=0.0 dy=0.0 shift=0.0 resp=0.98|c6:dx=0.0 dy=0.0 shift=0.0 resp=0.93|c7:dx=0.0 dy=-0.0 shift=0.0 resp=0.98|c8:dx=-0.0 dy=-0.0 shift=0.1 resp=0.97,38.8|54.2|47.2|48.6|82.7|59.4|23.0|48.8|34.9,74.4,True,False,"grid_shift=(0.0,0.0) mag=0.0px suspect_mean=None h=- applied_shift=(0.0,0.0) method=-"
2026-09-11T06:42:54+09:00,CAM6_20260911_064254,87_15_stream2,normal,0,0,0,9,0,,,c0:dx=-0.0 dy=0.0 shift=0.0 resp=0.98|c1:dx=-0.0 dy=-0.0 shift=0.0 resp=0.99|c2:dx=-0.0 dy=0.0 shift=0.0 resp=0.98|c3:dx=0.0 dy=0.0 shift=0.0 resp=0.95|c4:dx=0.0 dy=0.0 shift=0.0 resp=0.98|c5:dx=0.0 dy=0.0 shift=0.0 resp=0.99|c6:dx=0.0 dy=-0.0 shift=0.0 resp=0.94|c7:dx=-0.0 dy=-0.0 shift=0.1 resp=0.94|c8:dx=0.0 dy=-0.0 shift=0.0 resp=0.98,88.4|89.5|94.4|66.2|53.9|84.7|31.6|30.2|38.6,78.2,True,False,"grid_shift=(0.0,0.0) mag=0.0px suspect_mean=None h=- applied_shift=(0.0,0.0) method=-"
2026-09-11T06:42:55+09:00,CAM3_20260911_064255,87_16_stream2,normal,0,0,0,9,0,,,c0:dx=0.0 dy=-0.0 shift=0.1 resp=0.99|c1:dx=0.0 dy=0.0 shift=0.0 resp=0.83|c2:dx=-0.0 dy=-0.0 shift=0.0 resp=0.98|c3:dx=0.0 dy=-0.0 shift=0.0 resp=0.97|c4:dx=0.1 dy=0.0 shift=0.1 resp=0.90|c5:dx=-0.1 dy=0.0 shift=0.1 resp=0.94|c6:dx=0.0 dy=0.0 shift=0.0 resp=0.93|c7:dx=0.0 dy=0.1 shift=0.1 resp=0.81|c8:dx=-0.0 dy=0.0 shift=0.0 resp=0.98,75.1|46.7|75.2|65.8|45.4|57.4|48.7|32.0|56.6,70.3,True,False,"grid_shift=(0.0,0.0) mag=0.0px suspect_mean=None h=- applied_shift=(0.0,0.0) method=-"
2026-09-11T06:47:24+09:00,CAM1_20260911_064724,87_11_stream2,ir_on,0,0,0,,,,,,,,False,False,"IR_ON:CAM1|화각변경 감지안함 sat=20.7 (IR ON<=15.0 / OFF>=25.0) applied_shift=(0.0,0.0)"
2026-09-11T06:47:40+09:00,CAM5_20260911_064740,87_10_stream2,normal,0,0,0,9,0,,,c0:dx=-0.0 dy=-0.0 shift=0.0 resp=0.99|c1:dx=-0.0 dy=0.0 shift=0.0 resp=0.96|c2:dx=0.0 dy=0.0 shift=0.0 resp=0.96|c3:dx=-0.0 dy=-0.0 shift=0.0 resp=0.96|c4:dx=-0.0 dy=0.0 shift=0.0 resp=0.79|c5:dx=0.0 dy=0.0 shift=0.0 resp=0.99|c6:dx=-0.0 dy=-0.0 shift=0.1 resp=0.90|c7:dx=0.0 dy=-0.0 shift=0.0 resp=0.90|c8:dx=0.0 dy=0.0 shift=0.0 resp=0.93,77.4|43.1|64.0|48.0|26.6|56.6|32.0|30.1|29.2,53.9,True,False,"grid_shift=(0.0,0.0) mag=0.0px suspect_mean=None h=- applied_shift=(0.0,0.0) method=-"
2026-09-11T06:47:41+09:00,CAM2_20260911_064741,87_12_stream2,ir_on,0,0,0,,,,,,,,False,False,"IR_ON:CAM2|화각변경 감지안함 sat=22.1 (IR ON<=15.0 / OFF>=25.0) applied_shift=(0.0,0.0)"
2026-09-11T06:47:48+09:00,CAM4_20260911_064748,87_9_h264_2,normal,0,0,0,9,0,,,c0:dx=-0.0 dy=0.0 shift=0.0 resp=0.97|c1:dx=0.3 dy=-0.1 shift=0.3 resp=0.85|c2:dx=0.4 dy=-0.1 shift=0.4 resp=0.97|c3:dx=0.0 dy=0.0 shift=0.0 resp=0.99|c4:dx=-0.0 dy=-0.0 shift=0.1 resp=0.99|c5:dx=-0.0 dy=-0.0 shift=0.1 resp=0.99|c6:dx=-0.1 dy=-0.1 shift=0.1 resp=0.91|c7:dx=-0.1 dy=-0.0 shift=0.1 resp=0.99|c8:dx=0.0 dy=0.0 shift=0.0 resp=0.94,39.3|56.1|48.3|51.3|85.1|60.0|23.0|50.1|36.1,75.0,True,False,"grid_shift=(0.0,0.0) mag=0.0px suspect_mean=None h=- applied_shift=(0.0,0.0) method=-"
2026-09-11T06:47:54+09:00,CAM6_20260911_064754,87_15_stream2,normal,0,0,0,9,0,,,c0:dx=0.0 dy=-0.0 shift=0.0 resp=0.98|c1:dx=0.0 dy=0.0 shift=0.0 resp=0.99|c2:dx=0.0 dy=0.0 shift=0.0 resp=0.98|c3:dx=-0.0 dy=-0.0 shift=0.0 resp=0.96|c4:dx=-0.0 dy=0.0 shift=0.0 resp=0.99|c5:dx=-0.0 dy=0.0 shift=0.0 resp=0.99|c6:dx=-0.0 dy=-0.0 shift=0.0 resp=0.94|c7:dx=-0.0 dy=0.1 shift=0.1 resp=0.94|c8:dx=0.0 dy=0.1 shift=0.1 resp=0.95,88.4|89.5|94.4|67.6|54.6|84.7|32.7|31.2|39.8,78.6,True,False,"grid_shift=(0.0,0.0) mag=0.0px suspect_mean=None h=- applied_shift=(0.0,0.0) method=-"
2026-09-11T06:47:56+09:00,CAM3_20260911_064756,87_16_stream2,normal,0,0,0,9,0,,,c0:dx=-0.1 dy=-0.0 shift=0.1 resp=0.99|c1:dx=0.0 dy=0.0 shift=0.0 resp=0.84|c2:dx=0.0 dy=0.1 shift=0.1 resp=0.97|c3:dx=-0.1 dy=-0.0 shift=0.1 resp=0.97|c4:dx=-0.1 dy=-0.0 shift=0.1 resp=0.91|c5:dx=0.0 dy=0.0 shift=0.0 resp=0.95|c6:dx=-0.1 dy=-0.0 shift=0.1 resp=0.93|c7:dx=-0.0 dy=-0.2 shift=0.2 resp=0.78|c8:dx=-0.0 dy=0.0 shift=0.1 resp=0.99,75.1|47.4|75.1|65.8|46.0|57.4|48.7|32.2|56.7,70.7,True,False,"grid_shift=(0.0,0.0) mag=0.0px suspect_mean=None h=- applied_shift=(0.0,0.0) method=-"
2026-09-11T06:52:25+09:00,CAM1_20260911_065225,87_11_stream2,ir_on,0,0,0,,,,,,,,False,False,"IR_ON:CAM1|화각변경 감지안함 sat=19.8 (IR ON<=15.0 / OFF>=25.0) applied_shift=(0.0,0.0)"
2026-09-11T06:52:40+09:00,CAM5_20260911_065240,87_10_stream2,normal,0,0,0,9,0,,,c0:dx=0.0 dy=0.0 shift=0.0 resp=0.99|c1:dx=-0.0 dy=-0.0 shift=0.0 resp=0.95|c2:dx=-0.0 dy=-0.1 shift=0.1 resp=0.96|c3:dx=0.1 dy=0.0 shift=0.1 resp=0.93|c4:dx=0.0 dy=-0.1 shift=0.1 resp=0.78|c5:dx=-0.0 dy=-0.0 shift=0.1 resp=1.00|c6:dx=0.0 dy=-0.0 shift=0.1 resp=0.91|c7:dx=0.0 dy=0.1 shift=0.1 resp=0.90|c8:dx=-0.0 dy=-0.1 shift=0.1 resp=0.92,77.8|43.3|64.3|47.6|26.4|56.6|31.1|30.1|29.2,53.5,True,False,"grid_shift=(0.0,0.0) mag=0.0px suspect_mean=None h=- applied_shift=(0.0,0.0) method=-"
2026-09-11T06:52:42+09:00,CAM2_20260911_065242,87_12_stream2,ir_on,0,0,0,,,,,,,,False,False,"IR_ON:CAM2|화각변경 감지안함 sat=19.5 (IR ON<=15.0 / OFF>=25.0) applied_shift=(0.0,0.0)"
2026-09-11T06:52:48+09:00,CAM4_20260911_065248,87_9_h264_2,normal,0,0,0,9,0,,,c0:dx=0.0 dy=-0.0 shift=0.1 resp=0.97|c1:dx=-0.3 dy=0.1 shift=0.3 resp=0.85|c2:dx=-0.5 dy=0.1 shift=0.5 resp=0.93|c3:dx=0.0 dy=-0.0 shift=0.0 resp=0.98|c4:dx=0.0 dy=-0.0 shift=0.0 resp=0.99|c5:dx=0.0 dy=0.0 shift=0.0 resp=0.99|c6:dx=0.2 dy=0.1 shift=0.2 resp=0.90|c7:dx=0.1 dy=-0.0 shift=0.1 resp=0.99|c8:dx=0.0 dy=-0.0 shift=0.0 resp=0.94,39.3|55.9|48.3|52.2|85.4|60.0|23.0|50.1|36.1,75.2,True,False,"grid_shift=(0.0,0.0) mag=0.0px suspect_mean=None h=- applied_shift=(0.0,0.0) method=-"
2026-09-11T06:52:55+09:00,CAM6_20260911_065255,87_15_stream2,normal,0,0,0,9,0,,,c0:dx=0.0 dy=0.0 shift=0.0 resp=0.97|c1:dx=-0.0 dy=-0.0 shift=0.0 resp=0.99|c2:dx=-0.0 dy=-0.0 shift=0.0 resp=0.98|c3:dx=-0.0 dy=0.0 shift=0.0 resp=0.95|c4:dx=-0.0 dy=-0.0 shift=0.0 resp=0.99|c5:dx=-0.0 dy=0.0 shift=0.0 resp=0.98|c6:dx=0.0 dy=-0.0 shift=0.0 resp=0.95|c7:dx=0.0 dy=-0.1 shift=0.1 resp=0.97|c8:dx=-0.0 dy=-0.0 shift=0.1 resp=0.95,87.8|88.6|94.0|65.5|53.3|84.7|32.6|31.2|39.8,77.5,True,False,"grid_shift=(0.0,0.0) mag=0.0px suspect_mean=None h=- applied_shift=(0.0,0.0) method=-"
2026-09-11T06:52:56+09:00,CAM3_20260911_065256,87_16_stream2,normal,0,0,0,9,0,,,c0:dx=0.0 dy=0.0 shift=0.0 resp=0.99|c1:dx=0.1 dy=-0.1 shift=0.1 resp=0.83|c2:dx=0.0 dy=-0.1 shift=0.1 resp=0.98|c3:dx=0.1 dy=0.1 shift=0.1 resp=0.96|c4:dx=0.1 dy=0.0 shift=0.1 resp=0.90|c5:dx=0.1 dy=-0.0 shift=0.1 resp=0.96|c6:dx=0.1 dy=0.0 shift=0.1 resp=0.92|c7:dx=0.1 dy=0.1 shift=0.1 resp=0.76|c8:dx=0.1 dy=-0.1 shift=0.1 resp=0.98,75.3|47.4|74.9|64.9|46.0|57.4|47.1|32.2|56.7,70.8,True,False,"grid_shift=(0.0,0.0) mag=0.0px suspect_mean=None h=- applied_shift=(0.0,0.0) method=-"
2026-09-11T06:57:25+09:00,CAM1_20260911_065725,87_11_stream2,ir_on,0,0,0,,,,,,,,False,False,"IR_ON:CAM1|화각변경 감지안함 sat=19.9 (IR ON<=15.0 / OFF>=25.0) applied_shift=(0.0,0.0)"
2026-09-11T06:57:40+09:00,CAM5_20260911_065740,87_10_stream2,normal,0,0,0,9,0,,,c0:dx=0.0 dy=-0.0 shift=0.0 resp=0.99|c1:dx=0.1 dy=0.0 shift=0.1 resp=0.94|c2:dx=0.1 dy=0.0 shift=0.1 resp=0.97|c3:dx=-0.0 dy=0.0 shift=0.0 resp=0.93|c4:dx=0.1 dy=0.0 shift=0.1 resp=0.75|c5:dx=-0.0 dy=0.0 shift=0.0 resp=1.00|c6:dx=0.1 dy=0.0 shift=0.1 resp=0.89|c7:dx=0.1 dy=0.0 shift=0.1 resp=0.90|c8:dx=0.1 dy=-0.0 shift=0.1 resp=0.93,77.8|42.5|63.7|46.4|26.4|55.7|29.9|29.8|30.1,52.6,True,False,"grid_shift=(0.0,0.0) mag=0.0px suspect_mean=None h=- applied_shift=(0.0,0.0) method=-"
2026-09-11T06:57:42+09:00,CAM2_20260911_065742,87_12_stream2,ir_on,0,0,0,,,,,,,,False,False,"IR_ON:CAM2|화각변경 감지안함 sat=17.5 (IR ON<=15.0 / OFF>=25.0) applied_shift=(0.0,0.0)"
2026-09-11T06:57:48+09:00,CAM4_20260911_065748,87_9_h264_2,normal,0,0,0,9,0,,,c0:dx=0.1 dy=0.0 shift=0.1 resp=0.98|c1:dx=-0.1 dy=-0.1 shift=0.2 resp=0.96|c2:dx=-0.1 dy=0.0 shift=0.1 resp=0.98|c3:dx=-0.0 dy=0.0 shift=0.0 resp=0.97|c4:dx=0.0 dy=0.0 shift=0.0 resp=1.00|c5:dx=0.0 dy=-0.0 shift=0.0 resp=0.99|c6:dx=-0.0 dy=0.0 shift=0.0 resp=0.91|c7:dx=-0.0 dy=-0.0 shift=0.0 resp=0.99|c8:dx=0.0 dy=0.0 shift=0.0 resp=0.96,39.0|54.8|47.6|49.0|82.7|59.2|22.8|50.1|35.4,70.5,True,False,"grid_shift=(0.0,0.0) mag=0.0px suspect_mean=None h=- applied_shift=(0.0,0.0) method=-"
2026-09-11T06:57:55+09:00,CAM6_20260911_065755,87_15_stream2,normal,0,0,0,9,0,,,c0:dx=-0.0 dy=0.0 shift=0.0 resp=0.97|c1:dx=0.0 dy=0.0 shift=0.0 resp=0.99|c2:dx=0.0 dy=0.0 shift=0.0 resp=0.98|c3:dx=0.0 dy=-0.0 shift=0.0 resp=0.96|c4:dx=0.0 dy=-0.0 shift=0.0 resp=0.98|c5:dx=0.0 dy=-0.0 shift=0.0 resp=0.98|c6:dx=0.0 dy=-0.0 shift=0.0 resp=0.95|c7:dx=-0.0 dy=0.0 shift=0.0 resp=0.96|c8:dx=-0.0 dy=-0.1 shift=0.1 resp=0.97,87.8|88.6|94.0|65.2|53.3|84.7|32.3|30.8|39.1,78.2,True,False,"grid_shift=(0.0,0.0) mag=0.0px suspect_mean=None h=- applied_shift=(0.0,0.0) method=-"
2026-09-11T06:57:56+09:00,CAM3_20260911_065756,87_16_stream2,normal,0,0,0,9,0,,,c0:dx=-0.0 dy=-0.0 shift=0.0 resp=0.99|c1:dx=0.0 dy=0.0 shift=0.0 resp=0.84|c2:dx=-0.0 dy=-0.0 shift=0.0 resp=0.98|c3:dx=0.0 dy=-0.0 shift=0.0 resp=0.99|c4:dx=-0.1 dy=-0.1 shift=0.1 resp=0.90|c5:dx=-0.1 dy=0.0 shift=0.1 resp=0.94|c6:dx=-0.0 dy=0.0 shift=0.0 resp=0.93|c7:dx=0.0 dy=-0.0 shift=0.0 resp=0.79|c8:dx=-0.0 dy=0.0 shift=0.0 resp=0.99,75.3|46.7|74.9|64.5|45.8|57.4|46.9|32.6|56.7,69.7,True,False,"grid_shift=(0.0,0.0) mag=0.0px suspect_mean=None h=- applied_shift=(0.0,0.0) method=-"
2026-09-11T07:02:25+09:00,CAM1_20260911_070225,87_11_stream2,ir_on,0,0,0,,,,,,,,False,False,"IR_ON:CAM1|화각변경 감지안함 sat=19.1 (IR ON<=15.0 / OFF>=25.0) applied_shift=(0.0,0.0)"
2026-09-11T07:02:40+09:00,CAM5_20260911_070240,87_10_stream2,normal,0,0,0,9,0,,,c0:dx=-0.1 dy=-0.0 shift=0.1 resp=0.97|c1:dx=-0.1 dy=-0.0 shift=0.1 resp=0.95|c2:dx=-0.1 dy=0.0 shift=0.1 resp=0.97|c3:dx=0.0 dy=-0.0 shift=0.0 resp=0.94|c4:dx=-0.1 dy=0.0 shift=0.1 resp=0.75|c5:dx=-0.0 dy=0.0 shift=0.0 resp=1.01|c6:dx=-0.1 dy=0.0 shift=0.1 resp=0.88|c7:dx=-0.1 dy=-0.0 shift=0.1 resp=0.89|c8:dx=-0.1 dy=-0.0 shift=0.1 resp=0.94,78.0|42.5|63.7|46.4|26.0|55.7|29.8|29.8|29.3,52.9,True,False,"grid_shift=(0.0,0.0) mag=0.0px suspect_mean=None h=- applied_shift=(0.0,0.0) method=-"
2026-09-11T07:02:42+09:00,CAM2_20260911_070242,87_12_stream2,ir_on,0,0,0,,,,,,,,False,False,"IR_ON:CAM2|화각변경 감지안함 sat=19.1 (IR ON<=15.0 / OFF>=25.0) applied_shift=(0.0,0.0)"
2026-09-11T07:02:48+09:00,CAM4_20260911_070248,87_9_h264_2,normal,0,0,0,9,0,,,c0:dx=-0.0 dy=0.0 shift=0.0 resp=0.99|c1:dx=0.1 dy=0.1 shift=0.1 resp=0.96|c2:dx=0.2 dy=0.2 shift=0.3 resp=0.93|c3:dx=-0.0 dy=-0.0 shift=0.0 resp=0.98|c4:dx=-0.0 dy=0.0 shift=0.1 resp=1.00|c5:dx=-0.1 dy=0.1 shift=0.1 resp=0.98|c6:dx=-0.1 dy=-0.0 shift=0.1 resp=0.92|c7:dx=-0.1 dy=0.1 shift=0.1 resp=0.98|c8:dx=-0.0 dy=0.1 shift=0.1 resp=0.98,39.0|54.8|47.6|49.0|82.7|59.2|22.7|50.1|35.4,72.8,True,False,"grid_shift=(0.0,0.0) mag=0.0px suspect_mean=None h=- applied_shift=(0.0,0.0) method=-"
2026-09-11T07:02:55+09:00,CAM6_20260911_070255,87_15_stream2,normal,0,0,0,9,0,,,c0:dx=0.0 dy=0.0 shift=0.0 resp=0.97|c1:dx=-0.0 dy=0.0 shift=0.0 resp=0.99|c2:dx=-0.0 dy=-0.0 shift=0.0 resp=0.98|c3:dx=0.0 dy=0.0 shift=0.0 resp=0.93|c4:dx=-0.0 dy=0.0 shift=0.0 resp=0.99|c5:dx=0.0 dy=-0.0 shift=0.0 resp=0.98|c6:dx=0.0 dy=-0.0 shift=0.0 resp=0.95|c7:dx=0.0 dy=-0.0 shift=0.0 resp=0.95|c8:dx=0.0 dy=0.0 shift=0.1 resp=0.97,88.2|88.8|93.9|65.2|53.8|84.2|32.3|30.8|39.1,78.2,True,False,"grid_shift=(0.0,0.0) mag=0.0px suspect_mean=None h=- applied_shift=(0.0,0.0) method=-"
2026-09-11T07:02:56+09:00,CAM3_20260911_070256,87_16_stream2,normal,0,0,0,9,0,,,c0:dx=-0.0 dy=0.0 shift=0.0 resp=0.99|c1:dx=-0.0 dy=0.0 shift=0.1 resp=0.81|c2:dx=0.0 dy=-0.0 shift=0.0 resp=0.98|c3:dx=-0.0 dy=0.0 shift=0.0 resp=0.98|c4:dx=0.0 dy=0.1 shift=0.1 resp=0.91|c5:dx=-0.0 dy=-0.0 shift=0.0 resp=0.97|c6:dx=-0.0 dy=-0.0 shift=0.0 resp=0.94|c7:dx=0.1 dy=-0.0 shift=0.1 resp=0.79|c8:dx=0.0 dy=-0.0 shift=0.0 resp=0.98,75.2|46.6|74.4|64.5|45.0|57.6|46.6|32.3|56.7,69.8,True,False,"grid_shift=(0.0,0.0) mag=0.0px suspect_mean=None h=- applied_shift=(0.0,0.0) method=-"
2026-09-11T07:07:25+09:00,CAM1_20260911_070725,87_11_stream2,ir_on,0,0,0,,,,,,,,False,False,"IR_ON:CAM1|화각변경 감지안함 sat=19.9 (IR ON<=15.0 / OFF>=25.0) applied_shift=(0.0,0.0)"
2026-09-11T07:07:40+09:00,CAM5_20260911_070740,87_10_stream2,normal,0,0,0,9,0,,,c0:dx=0.1 dy=0.0 shift=0.1 resp=0.97|c1:dx=-0.0 dy=0.0 shift=0.0 resp=0.94|c2:dx=0.0 dy=-0.0 shift=0.0 resp=0.97|c3:dx=-0.0 dy=0.0 shift=0.0 resp=0.95|c4:dx=0.1 dy=0.0 shift=0.1 resp=0.77|c5:dx=-0.0 dy=-0.0 shift=0.0 resp=1.03|c6:dx=0.0 dy=0.0 shift=0.1 resp=0.88|c7:dx=0.0 dy=0.0 shift=0.0 resp=0.88|c8:dx=0.1 dy=0.0 shift=0.1 resp=0.94,77.9|42.5|63.2|47.8|26.0|54.8|29.8|29.9|27.7,53.2,True,False,"grid_shift=(0.0,0.0) mag=0.0px suspect_mean=None h=- applied_shift=(0.0,0.0) method=-"
2026-09-11T07:07:42+09:00,CAM2_20260911_070742,87_12_stream2,ir_on,0,0,0,,,,,,,,False,False,"IR_ON:CAM2|화각변경 감지안함 sat=17.5 (IR ON<=15.0 / OFF>=25.0) applied_shift=(0.0,0.0)"
2026-09-11T07:07:48+09:00,CAM4_20260911_070748,87_9_h264_2,normal,0,0,0,9,0,,,c0:dx=0.1 dy=-0.0 shift=0.1 resp=0.99|c1:dx=-0.2 dy=-0.1 shift=0.2 resp=0.95|c2:dx=-0.3 dy=-0.2 shift=0.4 resp=0.95|c3:dx=0.0 dy=-0.0 shift=0.0 resp=0.98|c4:dx=0.1 dy=-0.0 shift=0.1 resp=1.00|c5:dx=0.0 dy=-0.1 shift=0.1 resp=0.99|c6:dx=0.1 dy=-0.0 shift=0.1 resp=0.89|c7:dx=0.1 dy=-0.0 shift=0.1 resp=0.99|c8:dx=-0.0 dy=-0.1 shift=0.1 resp=0.98,39.8|55.8|48.3|49.9|83.8|59.2|22.4|49.6|37.5,72.3,True,False,"grid_shift=(0.0,0.0) mag=0.0px suspect_mean=None h=- applied_shift=(0.0,0.0) method=-"
2026-09-11T07:07:55+09:00,CAM6_20260911_070755,87_15_stream2,normal,0,0,0,9,0,,,c0:dx=0.0 dy=-0.1 shift=0.1 resp=0.97|c1:dx=0.0 dy=-0.0 shift=0.1 resp=0.99|c2:dx=0.0 dy=0.0 shift=0.0 resp=0.99|c3:dx=-0.0 dy=0.1 shift=0.1 resp=0.94|c4:dx=0.0 dy=0.0 shift=0.0 resp=1.00|c5:dx=-0.0 dy=0.0 shift=0.0 resp=0.99|c6:dx=-0.0 dy=-0.0 shift=0.0 resp=0.95|c7:dx=-0.0 dy=0.0 shift=0.0 resp=0.95|c8:dx=0.0 dy=0.0 shift=0.0 resp=0.97,88.2|88.8|93.9|67.0|54.5|84.2|32.7|31.7|38.1,78.5,True,False,"grid_shift=(0.0,0.0) mag=0.0px suspect_mean=None h=- applied_shift=(0.0,0.0) method=-"
2026-09-11T07:07:56+09:00,CAM3_20260911_070756,87_16_stream2,normal,0,0,0,9,0,,,c0:dx=0.0 dy=0.1 shift=0.1 resp=0.99|c1:dx=-0.1 dy=-0.1 shift=0.1 resp=0.81|c2:dx=-0.0 dy=-0.1 shift=0.1 resp=0.99|c3:dx=0.0 dy=0.2 shift=0.2 resp=0.96|c4:dx=-0.1 dy=-0.1 shift=0.1 resp=0.90|c5:dx=0.0 dy=0.0 shift=0.0 resp=0.94|c6:dx=0.0 dy=0.0 shift=0.0 resp=0.92|c7:dx=0.0 dy=0.0 shift=0.0 resp=0.78|c8:dx=0.0 dy=0.0 shift=0.0 resp=0.99,75.0|46.6|74.4|64.6|45.0|57.2|46.6|31.3|54.1,69.6,True,False,"grid_shift=(0.0,0.0) mag=0.0px suspect_mean=None h=- applied_shift=(0.0,0.0) method=-"
2026-09-11T07:12:25+09:00,CAM1_20260911_071225,87_11_stream2,ir_on,0,0,0,,,,,,,,False,False,"IR_ON:CAM1|화각변경 감지안함 sat=18.7 (IR ON<=15.0 / OFF>=25.0) applied_shift=(0.0,0.0)"
2026-09-11T07:12:40+09:00,CAM5_20260911_071240,87_10_stream2,normal,0,0,0,9,0,,,c0:dx=-0.0 dy=-0.0 shift=0.0 resp=0.99|c1:dx=0.0 dy=-0.0 shift=0.0 resp=0.93|c2:dx=0.0 dy=0.0 shift=0.0 resp=0.98|c3:dx=0.0 dy=0.0 shift=0.0 resp=0.95|c4:dx=-0.1 dy=-0.1 shift=0.1 resp=0.77|c5:dx=0.0 dy=-0.0 shift=0.0 resp=1.03|c6:dx=0.0 dy=-0.1 shift=0.1 resp=0.88|c7:dx=0.1 dy=-0.0 shift=0.1 resp=0.89|c8:dx=-0.0 dy=-0.0 shift=0.0 resp=0.94,77.4|42.5|63.2|47.5|25.6|54.8|30.4|30.7|27.7,52.9,True,False,"grid_shift=(0.0,0.0) mag=0.0px suspect_mean=None h=- applied_shift=(0.0,0.0) method=-"
2026-09-11T07:12:42+09:00,CAM2_20260911_071242,87_12_stream2,ir_on,0,0,0,,,,,,,,False,False,"IR_ON:CAM2|화각변경 감지안함 sat=18.5 (IR ON<=15.0 / OFF>=25.0) applied_shift=(0.0,0.0)"
2026-09-11T07:12:49+09:00,CAM4_20260911_071249,87_9_h264_2,normal,0,0,0,9,0,,,c0:dx=-0.0 dy=0.0 shift=0.0 resp=0.99|c1:dx=0.4 dy=0.1 shift=0.4 resp=0.94|c2:dx=0.2 dy=-0.0 shift=0.2 resp=0.95|c3:dx=0.0 dy=0.0 shift=0.0 resp=0.98|c4:dx=-0.0 dy=0.0 shift=0.0 resp=1.00|c5:dx=0.0 dy=0.0 shift=0.0 resp=0.98|c6:dx=0.0 dy=0.1 shift=0.1 resp=0.92|c7:dx=-0.0 dy=0.0 shift=0.0 resp=0.99|c8:dx=0.0 dy=0.0 shift=0.1 resp=0.98,39.8|55.6|48.2|50.6|83.8|59.2|22.4|49.6|37.6,72.9,True,False,"grid_shift=(0.0,0.0) mag=0.0px suspect_mean=None h=- applied_shift=(0.0,0.0) method=-"
2026-09-11T07:12:55+09:00,CAM6_20260911_071255,87_15_stream2,normal,0,0,0,9,0,,,c0:dx=-0.0 dy=0.0 shift=0.0 resp=0.97|c1:dx=-0.0 dy=0.0 shift=0.0 resp=0.99|c2:dx=-0.0 dy=-0.0 shift=0.0 resp=0.99|c3:dx=-0.0 dy=-0.1 shift=0.1 resp=0.94|c4:dx=-0.0 dy=-0.0 shift=0.0 resp=0.99|c5:dx=-0.0 dy=-0.0 shift=0.0 resp=0.99|c6:dx=0.0 dy=-0.0 shift=0.0 resp=0.97|c7:dx=0.0 dy=-0.0 shift=0.0 resp=0.95|c8:dx=-0.0 dy=-0.0 shift=0.0 resp=0.97,88.5|88.7|94.5|66.6|54.5|84.2|32.4|31.3|38.1,78.2,True,False,"grid_shift=(0.0,0.0) mag=0.0px suspect_mean=None h=- applied_shift=(0.0,0.0) method=-"
2026-09-11T07:12:56+09:00,CAM3_20260911_071256,87_16_stream2,normal,0,0,0,9,0,,,c0:dx=0.0 dy=-0.1 shift=0.1 resp=0.99|c1:dx=0.0 dy=-0.0 shift=0.1 resp=0.81|c2:dx=0.0 dy=0.1 shift=0.1 resp=0.99|c3:dx=0.0 dy=-0.1 shift=0.1 resp=0.96|c4:dx=0.0 dy=0.0 shift=0.0 resp=0.89|c5:dx=0.0 dy=-0.0 shift=0.0 resp=0.94|c6:dx=-0.0 dy=-0.0 shift=0.0 resp=0.94|c7:dx=-0.0 dy=0.0 shift=0.0 resp=0.78|c8:dx=0.0 dy=-0.0 shift=0.0 resp=1.00,75.0|47.0|74.4|65.0|45.7|57.2|46.8|31.3|54.1,70.2,True,False,"grid_shift=(0.0,0.0) mag=0.0px suspect_mean=None h=- applied_shift=(0.0,0.0) method=-"
2026-09-11T07:17:25+09:00,CAM1_20260911_071725,87_11_stream2,ir_on,0,0,0,,,,,,,,False,False,"IR_ON:CAM1|화각변경 감지안함 sat=20.6 (IR ON<=15.0 / OFF>=25.0) applied_shift=(0.0,0.0)"
2026-09-11T07:17:40+09:00,CAM5_20260911_071740,87_10_stream2,normal,0,0,0,9,0,,,c0:dx=0.0 dy=0.0 shift=0.0 resp=0.98|c1:dx=-0.0 dy=0.0 shift=0.0 resp=0.95|c2:dx=0.0 dy=0.0 shift=0.0 resp=0.97|c3:dx=0.0 dy=0.0 shift=0.0 resp=0.95|c4:dx=-0.0 dy=0.1 shift=0.1 resp=0.79|c5:dx=0.0 dy=-0.0 shift=0.0 resp=1.00|c6:dx=-0.1 dy=0.0 shift=0.1 resp=0.89|c7:dx=-0.1 dy=0.0 shift=0.1 resp=0.89|c8:dx=-0.0 dy=0.1 shift=0.1 resp=0.93,77.4|42.8|63.6|47.5|25.6|57.0|30.4|30.2|28.5,53.7,True,False,"grid_shift=(0.0,0.0) mag=0.0px suspect_mean=None h=- applied_shift=(0.0,0.0) method=-"
2026-09-11T07:17:42+09:00,CAM2_20260911_071742,87_12_stream2,ir_on,0,0,0,,,,,,,,False,False,"IR_ON:CAM2|화각변경 감지안함 sat=17.7 (IR ON<=15.0 / OFF>=25.0) applied_shift=(0.0,0.0)"
2026-09-11T07:17:49+09:00,CAM4_20260911_071749,87_9_h264_2,normal,0,0,0,9,0,,,c0:dx=0.0 dy=0.0 shift=0.0 resp=0.99|c1:dx=-0.2 dy=-0.0 shift=0.2 resp=0.97|c2:dx=-0.1 dy=-0.1 shift=0.2 resp=0.97|c3:dx=-0.0 dy=0.0 shift=0.0 resp=0.99|c4:dx=0.0 dy=-0.0 shift=0.0 resp=0.99|c5:dx=-0.0 dy=-0.0 shift=0.0 resp=0.99|c6:dx=-0.0 dy=-0.0 shift=0.0 resp=0.89|c7:dx=0.0 dy=-0.1 shift=0.1 resp=1.00|c8:dx=-0.0 dy=0.0 shift=0.0 resp=0.98,39.7|55.6|48.2|48.7|84.1|59.9|22.2|50.5|37.4,72.9,True,False,"grid_shift=(0.0,0.0) mag=0.0px suspect_mean=None h=- applied_shift=(0.0,0.0) method=-"
2026-09-11T07:17:55+09:00,CAM6_20260911_071755,87_15_stream2,normal,0,0,0,9,0,,,c0:dx=0.0 dy=0.0 shift=0.0 resp=0.97|c1:dx=0.0 dy=0.0 shift=0.0 resp=0.99|c2:dx=0.0 dy=-0.0 shift=0.0 resp=0.98|c3:dx=0.0 dy=0.0 shift=0.0 resp=0.94|c4:dx=0.0 dy=0.0 shift=0.1 resp=0.99|c5:dx=0.0 dy=0.0 shift=0.0 resp=0.99|c6:dx=-0.0 dy=-0.0 shift=0.0 resp=0.97|c7:dx=0.0 dy=0.0 shift=0.0 resp=0.95|c8:dx=0.0 dy=-0.0 shift=0.0 resp=0.97,88.5|88.7|94.5|66.6|54.5|84.5|32.4|31.3|39.5,78.6,True,False,"grid_shift=(0.0,0.0) mag=0.0px suspect_mean=None h=- applied_shift=(0.0,0.0) method=-"
2026-09-11T07:17:56+09:00,CAM3_20260911_071756,87_16_stream2,normal,0,0,0,9,0,,,c0:dx=0.0 dy=0.0 shift=0.0 resp=0.99|c1:dx=0.1 dy=0.0 shift=0.1 resp=0.84|c2:dx=0.0 dy=-0.0 shift=0.0 resp=0.99|c3:dx=-0.0 dy=0.0 shift=0.0 resp=0.96|c4:dx=-0.0 dy=0.0 shift=0.0 resp=0.90|c5:dx=-0.0 dy=0.0 shift=0.0 resp=0.93|c6:dx=-0.0 dy=-0.0 shift=0.1 resp=0.94|c7:dx=-0.0 dy=-0.0 shift=0.0 resp=0.80|c8:dx=-0.0 dy=0.1 shift=0.1 resp=0.98,75.0|47.0|74.5|65.0|46.5|57.2|46.8|33.2|57.5,70.6,True,False,"grid_shift=(0.0,0.0) mag=0.0px suspect_mean=None h=- applied_shift=(0.0,0.0) method=-"
2026-09-11T07:22:25+09:00,CAM1_20260911_072225,87_11_stream2,ir_on,0,0,0,,,,,,,,False,False,"IR_ON:CAM1|화각변경 감지안함 sat=21.2 (IR ON<=15.0 / OFF>=25.0) applied_shift=(0.0,0.0)"
2026-09-11T07:22:40+09:00,CAM5_20260911_072240,87_10_stream2,normal,0,0,0,9,0,,,c0:dx=0.0 dy=-0.0 shift=0.0 resp=0.99|c1:dx=0.1 dy=0.0 shift=0.1 resp=0.95|c2:dx=0.0 dy=0.0 shift=0.0 resp=0.97|c3:dx=0.0 dy=-0.0 shift=0.0 resp=0.95|c4:dx=-0.0 dy=-0.1 shift=0.1 resp=0.78|c5:dx=0.0 dy=-0.0 shift=0.0 resp=1.00|c6:dx=0.0 dy=0.0 shift=0.0 resp=0.89|c7:dx=-0.0 dy=-0.0 shift=0.0 resp=0.90|c8:dx=0.0 dy=-0.0 shift=0.0 resp=0.94,77.8|42.8|63.4|48.4|27.2|57.1|32.2|30.2|28.6,53.9,True,False,"grid_shift=(0.0,0.0) mag=0.0px suspect_mean=None h=- applied_shift=(0.0,0.0) method=-"
2026-09-11T07:22:42+09:00,CAM2_20260911_072242,87_12_stream2,ir_on,0,0,0,,,,,,,,False,False,"IR_ON:CAM2|화각변경 감지안함 sat=17.5 (IR ON<=15.0 / OFF>=25.0) applied_shift=(0.0,0.0)"
2026-09-11T07:22:49+09:00,CAM4_20260911_072249,87_9_h264_2,normal,0,0,0,9,0,,,c0:dx=-0.1 dy=-0.0 shift=0.1 resp=0.99|c1:dx=0.1 dy=-0.0 shift=0.1 resp=0.97|c2:dx=0.2 dy=0.1 shift=0.2 resp=0.96|c3:dx=0.0 dy=0.0 shift=0.0 resp=0.99|c4:dx=-0.0 dy=0.0 shift=0.0 resp=0.99|c5:dx=-0.0 dy=0.0 shift=0.0 resp=1.00|c6:dx=-0.0 dy=-0.0 shift=0.0 resp=0.89|c7:dx=-0.0 dy=0.0 shift=0.0 resp=0.99|c8:dx=0.0 dy=-0.0 shift=0.1 resp=0.99,39.7|55.9|48.6|48.7|83.5|59.5|22.2|51.3|37.4,72.3,True,False,"grid_shift=(0.0,0.0) mag=0.0px suspect_mean=None h=- applied_shift=(0.0,0.0) method=-"
2026-09-11T07:22:55+09:00,CAM6_20260911_072255,87_15_stream2,normal,0,0,0,9,0,,,c0:dx=-0.0 dy=-0.1 shift=0.1 resp=0.98|c1:dx=-0.0 dy=-0.0 shift=0.0 resp=0.99|c2:dx=-0.0 dy=0.0 shift=0.0 resp=0.99|c3:dx=0.0 dy=0.1 shift=0.1 resp=0.94|c4:dx=-0.0 dy=-0.0 shift=0.0 resp=0.97|c5:dx=0.0 dy=0.0 shift=0.0 resp=0.99|c6:dx=0.0 dy=0.0 shift=0.0 resp=0.95|c7:dx=-0.0 dy=-0.0 shift=0.0 resp=0.96|c8:dx=-0.0 dy=0.0 shift=0.0 resp=0.98,88.9|90.0|94.6|68.2|55.5|84.5|33.1|31.5|39.8,79.0,True,False,"grid_shift=(0.0,0.0) mag=0.0px suspect_mean=None h=- applied_shift=(0.0,0.0) method=-"
2026-09-11T07:22:57+09:00,CAM3_20260911_072257,87_16_stream2,normal,0,0,0,9,0,,,c0:dx=0.0 dy=-0.0 shift=0.0 resp=0.99|c1:dx=-0.0 dy=-0.0 shift=0.0 resp=0.84|c2:dx=-0.0 dy=0.0 shift=0.0 resp=0.99|c3:dx=0.0 dy=0.1 shift=0.1 resp=0.97|c4:dx=0.0 dy=0.0 shift=0.0 resp=0.90|c5:dx=0.1 dy=0.1 shift=0.1 resp=0.96|c6:dx=0.0 dy=0.1 shift=0.1 resp=0.93|c7:dx=0.0 dy=-0.0 shift=0.1 resp=0.79|c8:dx=0.0 dy=-0.0 shift=0.0 resp=0.99,75.0|47.4|74.6|66.7|46.5|58.0|49.6|32.7|56.7,70.5,True,False,"grid_shift=(0.0,0.0) mag=0.0px suspect_mean=None h=- applied_shift=(0.0,0.0) method=-"
2026-09-11T07:27:25+09:00,CAM1_20260911_072725,87_11_stream2,ir_on,0,0,0,,,,,,,,False,False,"IR_ON:CAM1|화각변경 감지안함 sat=20.2 (IR ON<=15.0 / OFF>=25.0) applied_shift=(0.0,0.0)"
2026-09-11T07:27:40+09:00,CAM5_20260911_072740,87_10_stream2,normal,0,0,0,9,0,,,c0:dx=-0.1 dy=0.0 shift=0.1 resp=0.98|c1:dx=-0.0 dy=-0.1 shift=0.1 resp=0.94|c2:dx=-0.0 dy=-0.0 shift=0.0 resp=0.98|c3:dx=-0.0 dy=0.1 shift=0.1 resp=0.94|c4:dx=0.1 dy=-0.1 shift=0.1 resp=0.79|c5:dx=-0.0 dy=0.0 shift=0.0 resp=1.03|c6:dx=0.0 dy=0.1 shift=0.1 resp=0.93|c7:dx=-0.0 dy=-0.0 shift=0.0 resp=0.90|c8:dx=-0.1 dy=0.0 shift=0.1 resp=0.94,77.4|43.1|63.4|48.5|27.1|56.9|32.5|31.2|28.6,53.8,True,False,"grid_shift=(0.0,0.0) mag=0.0px suspect_mean=None h=- applied_shift=(0.0,0.0) method=-"
2026-09-11T07:27:42+09:00,CAM2_20260911_072742,87_12_stream2,ir_on,0,0,0,,,,,,,,False,False,"IR_ON:CAM2|화각변경 감지안함 sat=17.9 (IR ON<=15.0 / OFF>=25.0) applied_shift=(0.0,0.0)"
2026-09-11T07:27:49+09:00,CAM4_20260911_072749,87_9_h264_2,normal,0,0,0,9,0,,,c0:dx=-0.0 dy=-0.0 shift=0.0 resp=0.99|c1:dx=-0.1 dy=0.0 shift=0.1 resp=0.97|c2:dx=0.0 dy=-0.1 shift=0.1 resp=0.97|c3:dx=0.0 dy=-0.0 shift=0.0 resp=0.99|c4:dx=0.0 dy=-0.0 shift=0.0 resp=1.00|c5:dx=0.0 dy=-0.0 shift=0.0 resp=1.00|c6:dx=-0.1 dy=-0.1 shift=0.1 resp=0.92|c7:dx=0.0 dy=-0.0 shift=0.0 resp=0.99|c8:dx=-0.0 dy=-0.0 shift=0.0 resp=0.98,39.4|55.5|48.8|48.8|83.5|59.5|22.7|51.3|37.2,72.5,True,False,"grid_shift=(0.0,0.0) mag=0.0px suspect_mean=None h=- applied_shift=(0.0,0.0) method=-"
2026-09-11T07:27:55+09:00,CAM6_20260911_072755,87_15_stream2,normal,0,0,0,9,0,,,c0:dx=0.0 dy=0.0 shift=0.1 resp=0.99|c1:dx=0.0 dy=0.0 shift=0.0 resp=1.00|c2:dx=0.0 dy=0.0 shift=0.0 resp=0.99|c3:dx=-0.0 dy=0.0 shift=0.0 resp=0.94|c4:dx=-0.0 dy=-0.0 shift=0.0 resp=0.99|c5:dx=-0.0 dy=-0.0 shift=0.0 resp=0.99|c6:dx=0.0 dy=-0.0 shift=0.0 resp=0.95|c7:dx=0.0 dy=-0.0 shift=0.0 resp=0.94|c8:dx=0.0 dy=-0.0 shift=0.0 resp=0.97,89.2|89.9|95.0|68.3|55.1|84.6|31.7|30.5|39.7,78.8,True,False,"grid_shift=(0.0,0.0) mag=0.0px suspect_mean=None h=- applied_shift=(0.0,0.0) method=-"
2026-09-11T07:27:57+09:00,CAM3_20260911_072757,87_16_stream2,normal,0,0,0,9,0,,,c0:dx=-0.0 dy=0.0 shift=0.0 resp=0.98|c1:dx=0.0 dy=-0.1 shift=0.1 resp=0.83|c2:dx=0.1 dy=0.0 shift=0.1 resp=0.99|c3:dx=-0.0 dy=-0.0 shift=0.1 resp=0.98|c4:dx=0.0 dy=-0.0 shift=0.1 resp=0.92|c5:dx=-0.0 dy=-0.0 shift=0.0 resp=0.95|c6:dx=-0.0 dy=-0.0 shift=0.0 resp=0.93|c7:dx=-0.0 dy=-0.0 shift=0.0 resp=0.78|c8:dx=0.0 dy=-0.0 shift=0.0 resp=0.99,75.3|47.3|74.9|66.8|46.6|57.8|50.0|32.7|56.7,70.6,True,False,"grid_shift=(0.0,0.0) mag=0.0px suspect_mean=None h=- applied_shift=(0.0,0.0) method=-"
2026-09-11T07:32:25+09:00,CAM1_20260911_073225,87_11_stream2,ir_on,0,0,0,,,,,,,,False,False,"IR_ON:CAM1|화각변경 감지안함 sat=20.0 (IR ON<=15.0 / OFF>=25.0) applied_shift=(0.0,0.0)"
2026-09-11T07:32:40+09:00,CAM5_20260911_073240,87_10_stream2,normal,0,0,0,9,0,,,c0:dx=-0.0 dy=-0.0 shift=0.0 resp=0.99|c1:dx=0.0 dy=0.0 shift=0.0 resp=0.95|c2:dx=0.0 dy=-0.0 shift=0.0 resp=0.97|c3:dx=0.0 dy=-0.1 shift=0.1 resp=0.95|c4:dx=-0.0 dy=0.0 shift=0.0 resp=0.80|c5:dx=0.0 dy=0.0 shift=0.0 resp=0.99|c6:dx=0.0 dy=-0.0 shift=0.0 resp=0.91|c7:dx=0.0 dy=0.1 shift=0.1 resp=0.91|c8:dx=0.1 dy=-0.1 shift=0.1 resp=0.94,77.4|43.1|64.1|48.4|27.0|56.7|31.7|31.0|29.5,53.7,True,False,"grid_shift=(0.0,0.0) mag=0.0px suspect_mean=None h=- applied_shift=(0.0,0.0) method=-"
2026-09-11T07:32:42+09:00,CAM2_20260911_073242,87_12_stream2,ir_on,0,0,0,,,,,,,,False,False,"IR_ON:CAM2|화각변경 감지안함 sat=18.6 (IR ON<=15.0 / OFF>=25.0) applied_shift=(0.0,0.0)"
2026-09-11T07:32:49+09:00,CAM4_20260911_073249,87_9_h264_2,normal,0,0,0,9,0,,,c0:dx=0.0 dy=-0.0 shift=0.1 resp=1.00|c1:dx=0.1 dy=0.0 shift=0.1 resp=0.97|c2:dx=-0.0 dy=0.0 shift=0.0 resp=0.98|c3:dx=-0.0 dy=0.1 shift=0.1 resp=0.98|c4:dx=-0.0 dy=0.0 shift=0.0 resp=1.00|c5:dx=-0.0 dy=0.0 shift=0.0 resp=0.99|c6:dx=0.1 dy=0.1 shift=0.1 resp=0.90|c7:dx=-0.0 dy=-0.0 shift=0.0 resp=0.99|c8:dx=0.0 dy=0.0 shift=0.0 resp=0.97,39.4|55.5|48.8|48.8|83.8|60.0|22.6|51.0|37.1,72.4,True,False,"grid_shift=(0.0,0.0) mag=0.0px suspect_mean=None h=- applied_shift=(0.0,0.0) method=-"
2026-09-11T07:32:55+09:00,CAM6_20260911_073255,87_15_stream2,normal,0,0,0,9,0,,,c0:dx=-0.0 dy=0.0 shift=0.0 resp=0.98|c1:dx=-0.0 dy=-0.0 shift=0.0 resp=0.99|c2:dx=-0.0 dy=0.0 shift=0.0 resp=0.99|c3:dx=0.0 dy=-0.1 shift=0.1 resp=0.95|c4:dx=-0.0 dy=0.0 shift=0.0 resp=0.99|c5:dx=0.0 dy=-0.0 shift=0.0 resp=0.99|c6:dx=-0.0 dy=-0.0 shift=0.0 resp=0.95|c7:dx=0.0 dy=0.0 shift=0.0 resp=0.94|c8:dx=0.0 dy=-0.0 shift=0.0 resp=0.96,89.0|89.9|94.9|68.3|55.1|84.8|31.7|30.5|39.6,78.8,True,False,"grid_shift=(0.0,0.0) mag=0.0px suspect_mean=None h=- applied_shift=(0.0,0.0) method=-"
2026-09-11T07:32:57+09:00,CAM3_20260911_073257,87_16_stream2,normal,0,0,0,9,0,,,c0:dx=0.0 dy=0.0 shift=0.0 resp=0.99|c1:dx=0.0 dy=0.0 shift=0.0 resp=0.85|c2:dx=0.0 dy=-0.0 shift=0.0 resp=0.99|c3:dx=0.0 dy=0.1 shift=0.1 resp=0.97|c4:dx=0.0 dy=0.0 shift=0.0 resp=0.90|c5:dx=0.0 dy=-0.0 shift=0.0 resp=0.98|c6:dx=0.0 dy=-0.0 shift=0.0 resp=0.93|c7:dx=0.0 dy=0.1 shift=0.1 resp=0.78|c8:dx=0.0 dy=-0.0 shift=0.0 resp=0.99,74.9|47.3|74.7|66.8|46.6|57.8|49.4|32.5|57.2,70.5,True,False,"grid_shift=(0.0,0.0) mag=0.0px suspect_mean=None h=- applied_shift=(0.0,0.0) method=-"
2026-09-11T07:37:25+09:00,CAM1_20260911_073725,87_11_stream2,ir_on,0,0,0,,,,,,,,False,False,"IR_ON:CAM1|화각변경 감지안함 sat=20.4 (IR ON<=15.0 / OFF>=25.0) applied_shift=(0.0,0.0)"
2026-09-11T07:37:41+09:00,CAM5_20260911_073741,87_10_stream2,normal,0,0,0,9,0,,,c0:dx=0.0 dy=-0.0 shift=0.0 resp=0.99|c1:dx=-0.0 dy=0.1 shift=0.1 resp=0.96|c2:dx=-0.0 dy=-0.0 shift=0.0 resp=0.97|c3:dx=-0.1 dy=0.0 shift=0.1 resp=0.93|c4:dx=-0.1 dy=0.0 shift=0.1 resp=0.79|c5:dx=-0.0 dy=-0.0 shift=0.0 resp=1.01|c6:dx=-0.1 dy=-0.0 shift=0.1 resp=0.91|c7:dx=-0.0 dy=-0.0 shift=0.1 resp=0.91|c8:dx=-0.0 dy=0.0 shift=0.0 resp=0.95,77.8|43.0|63.5|48.4|27.0|56.1|31.7|30.9|29.5,54.4,True,False,"grid_shift=(0.0,0.0) mag=0.0px suspect_mean=None h=- applied_shift=(0.0,0.0) method=-"
2026-09-11T07:37:42+09:00,CAM2_20260911_073742,87_12_stream2,ir_on,0,0,0,,,,,,,,False,False,"IR_ON:CAM2|화각변경 감지안함 sat=19.0 (IR ON<=15.0 / OFF>=25.0) applied_shift=(0.0,0.0)"
2026-09-11T07:37:50+09:00,CAM4_20260911_073750,87_9_h264_2,normal,0,0,0,9,0,,,c0:dx=-0.0 dy=0.1 shift=0.1 resp=1.00|c1:dx=-0.1 dy=-0.0 shift=0.1 resp=0.97|c2:dx=0.2 dy=0.1 shift=0.2 resp=0.97|c3:dx=-0.0 dy=0.0 shift=0.0 resp=0.97|c4:dx=-0.0 dy=0.0 shift=0.0 resp=1.00|c5:dx=-0.0 dy=0.1 shift=0.1 resp=0.99|c6:dx=-0.0 dy=0.1 shift=0.1 resp=0.92|c7:dx=-0.0 dy=0.1 shift=0.1 resp=0.99|c8:dx=-0.0 dy=0.1 shift=0.1 resp=0.96,39.4|55.6|48.8|48.5|83.8|59.4|22.5|51.0|37.1,72.4,True,False,"grid_shift=(0.0,0.0) mag=0.0px suspect_mean=None h=- applied_shift=(0.0,0.0) method=-"
2026-09-11T07:37:56+09:00,CAM6_20260911_073756,87_15_stream2,normal,0,0,0,9,0,,,c0:dx=-0.0 dy=0.0 shift=0.0 resp=0.98|c1:dx=-0.0 dy=-0.0 shift=0.0 resp=1.00|c2:dx=0.0 dy=-0.0 shift=0.0 resp=0.98|c3:dx=-0.0 dy=-0.0 shift=0.0 resp=0.97|c4:dx=0.1 dy=-0.0 shift=0.1 resp=0.98|c5:dx=-0.0 dy=0.0 shift=0.0 resp=0.99|c6:dx=-0.0 dy=-0.0 shift=0.0 resp=0.97|c7:dx=-0.0 dy=-0.0 shift=0.0 resp=0.94|c8:dx=0.0 dy=0.0 shift=0.0 resp=0.96,88.9|89.9|94.4|68.5|56.4|84.3|32.4|31.1|39.6,78.5,True,False,"grid_shift=(0.0,0.0) mag=0.0px suspect_mean=None h=- applied_shift=(0.0,0.0) method=-"
2026-09-11T07:37:57+09:00,CAM3_20260911_073757,87_16_stream2,normal,0,0,0,9,0,,,c0:dx=0.0 dy=-0.0 shift=0.0 resp=1.00|c1:dx=0.0 dy=0.0 shift=0.1 resp=0.81|c2:dx=-0.0 dy=0.1 shift=0.1 resp=0.97|c3:dx=-0.0 dy=-0.0 shift=0.1 resp=0.96|c4:dx=-0.0 dy=-0.0 shift=0.1 resp=0.90|c5:dx=-0.1 dy=0.0 shift=0.1 resp=0.97|c6:dx=0.1 dy=0.0 shift=0.1 resp=0.92|c7:dx=0.0 dy=-0.0 shift=0.0 resp=0.75|c8:dx=-0.1 dy=0.0 shift=0.1 resp=0.99,74.9|47.7|74.7|67.2|46.8|57.8|49.4|32.4|56.9,70.9,True,False,"grid_shift=(0.0,0.0) mag=0.0px suspect_mean=None h=- applied_shift=(0.0,0.0) method=-"
2026-09-11T07:42:26+09:00,CAM1_20260911_074226,87_11_stream2,ir_on,0,0,0,,,,,,,,False,False,"IR_ON:CAM1|화각변경 감지안함 sat=20.1 (IR ON<=15.0 / OFF>=25.0) applied_shift=(0.0,0.0)"
2026-09-11T07:42:41+09:00,CAM5_20260911_074241,87_10_stream2,normal,0,0,0,9,0,,,c0:dx=-0.0 dy=0.0 shift=0.0 resp=0.97|c1:dx=0.0 dy=-0.0 shift=0.0 resp=0.95|c2:dx=-0.0 dy=0.1 shift=0.1 resp=0.98|c3:dx=0.0 dy=-0.0 shift=0.0 resp=0.92|c4:dx=0.0 dy=-0.1 shift=0.1 resp=0.77|c5:dx=0.0 dy=-0.0 shift=0.0 resp=0.99|c6:dx=0.1 dy=0.0 shift=0.1 resp=0.91|c7:dx=0.0 dy=0.0 shift=0.1 resp=0.91|c8:dx=-0.0 dy=-0.1 shift=0.1 resp=0.92,77.6|42.9|63.5|48.7|26.2|56.1|32.5|30.9|29.6,53.6,True,False,"grid_shift=(0.0,0.0) mag=0.0px suspect_mean=None h=- applied_shift=(0.0,0.0) method=-"
2026-09-11T07:42:42+09:00,CAM2_20260911_074242,87_12_stream2,ir_on,0,0,0,,,,,,,,False,False,"IR_ON:CAM2|화각변경 감지안함 sat=18.2 (IR ON<=15.0 / OFF>=25.0) applied_shift=(0.0,0.0)"
2026-09-11T07:42:50+09:00,CAM4_20260911_074250,87_9_h264_2,normal,0,0,0,9,0,,,c0:dx=0.0 dy=-0.1 shift=0.1 resp=1.01|c1:dx=-0.0 dy=-0.0 shift=0.0 resp=0.97|c2:dx=-0.2 dy=-0.1 shift=0.2 resp=0.97|c3:dx=0.1 dy=-0.1 shift=0.1 resp=0.98|c4:dx=0.1 dy=-0.1 shift=0.1 resp=1.00|c5:dx=0.0 dy=-0.0 shift=0.1 resp=0.99|c6:dx=0.0 dy=-0.1 shift=0.1 resp=0.93|c7:dx=0.1 dy=-0.1 shift=0.1 resp=0.99|c8:dx=0.0 dy=-0.1 shift=0.1 resp=0.96,39.3|55.2|48.6|48.5|83.8|59.4|22.5|51.0|37.0,72.5,True,False,"grid_shift=(0.0,0.0) mag=0.0px suspect_mean=None h=- applied_shift=(0.0,0.0) method=-"
2026-09-11T07:42:56+09:00,CAM6_20260911_074256,87_15_stream2,normal,0,0,0,9,0,,,c0:dx=-0.0 dy=0.1 shift=0.1 resp=0.64|c1:dx=0.0 dy=0.0 shift=0.0 resp=0.99|c2:dx=0.0 dy=0.0 shift=0.0 resp=0.98|c3:dx=-0.0 dy=-0.0 shift=0.0 resp=0.95|c4:dx=-0.0 dy=0.0 shift=0.0 resp=0.98|c5:dx=-0.0 dy=0.0 shift=0.0 resp=0.99|c6:dx=-0.0 dy=0.0 shift=0.1 resp=0.96|c7:dx=-0.0 dy=0.1 shift=0.1 resp=0.95|c8:dx=0.0 dy=0.1 shift=0.1 resp=0.97,84.2|89.6|94.4|68.3|54.5|84.3|31.6|30.4|39.6,77.8,True,False,"grid_shift=(0.0,0.0) mag=0.0px suspect_mean=None h=- applied_shift=(0.0,0.0) method=-"
2026-09-11T07:42:57+09:00,CAM3_20260911_074257,87_16_stream2,normal,0,0,0,9,0,,,c0:dx=0.0 dy=0.1 shift=0.1 resp=0.99|c1:dx=-0.0 dy=-0.0 shift=0.0 resp=0.83|c2:dx=0.0 dy=-0.0 shift=0.0 resp=0.97|c3:dx=0.1 dy=0.1 shift=0.1 resp=0.95|c4:dx=0.0 dy=0.0 shift=0.0 resp=0.89|c5:dx=0.1 dy=0.0 shift=0.1 resp=0.95|c6:dx=-0.0 dy=-0.0 shift=0.0 resp=0.93|c7:dx=0.1 dy=-0.0 shift=0.1 resp=0.77|c8:dx=0.1 dy=-0.1 shift=0.1 resp=0.99,75.4|47.2|74.9|66.3|46.4|58.1|49.3|32.4|56.9,70.8,True,False,"grid_shift=(0.0,0.0) mag=0.0px suspect_mean=None h=- applied_shift=(0.0,0.0) method=-"
2026-09-11T07:47:26+09:00,CAM1_20260911_074726,87_11_stream2,ir_on,0,0,0,,,,,,,,False,False,"IR_ON:CAM1|화각변경 감지안함 sat=21.6 (IR ON<=15.0 / OFF>=25.0) applied_shift=(0.0,0.0)"
2026-09-11T07:47:41+09:00,CAM5_20260911_074741,87_10_stream2,normal,0,0,0,9,0,,,c0:dx=0.0 dy=-0.0 shift=0.1 resp=0.87|c1:dx=0.1 dy=-0.2 shift=0.2 resp=0.67|c2:dx=0.1 dy=-0.1 shift=0.1 resp=0.82|c3:dx=-0.1 dy=-0.1 shift=0.1 resp=0.89|c4:dx=-0.2 dy=0.0 shift=0.2 resp=0.61|c5:dx=-0.0 dy=-0.0 shift=0.0 resp=0.76|c6:dx=0.0 dy=-0.1 shift=0.1 resp=0.81|c7:dx=0.1 dy=-0.2 shift=0.2 resp=0.81|c8:dx=0.1 dy=0.0 shift=0.1 resp=0.84,66.6|35.0|53.3|38.4|26.2|46.2|22.3|31.2|22.4,43.0,True,False,"grid_shift=(0.0,0.0) mag=0.0px suspect_mean=None h=- applied_shift=(0.0,0.0) method=-"
2026-09-11T07:47:42+09:00,CAM2_20260911_074742,87_12_stream2,ir_on,0,0,0,,,,,,,,False,False,"IR_ON:CAM2|화각변경 감지안함 sat=17.4 (IR ON<=15.0 / OFF>=25.0) applied_shift=(0.0,0.0)"
2026-09-11T07:47:50+09:00,CAM4_20260911_074750,87_9_h264_2,normal,0,0,0,9,0,,,c0:dx=-0.0 dy=-0.0 shift=0.0 resp=0.88|c1:dx=-0.2 dy=-0.1 shift=0.2 resp=0.81|c2:dx=-0.0 dy=0.0 shift=0.0 resp=0.82|c3:dx=-0.0 dy=0.0 shift=0.0 resp=0.93|c4:dx=-0.1 dy=0.0 shift=0.1 resp=0.79|c5:dx=-0.0 dy=-0.0 shift=0.0 resp=0.77|c6:dx=-0.0 dy=0.0 shift=0.0 resp=0.70|c7:dx=-0.1 dy=0.0 shift=0.1 resp=0.98|c8:dx=-0.0 dy=0.0 shift=0.0 resp=0.97,39.3|55.2|48.6|44.7|83.5|60.5|21.9|45.7|35.3,67.0,True,False,"grid_shift=(0.0,0.0) mag=0.0px suspect_mean=None h=- applied_shift=(0.0,0.0) method=-"
2026-09-11T07:47:56+09:00,CAM6_20260911_074756,87_15_stream2,normal,0,0,0,9,0,,,c0:dx=-0.1 dy=-0.1 shift=0.2 resp=0.62|c1:dx=-0.1 dy=0.0 shift=0.1 resp=0.59|c2:dx=0.1 dy=0.1 shift=0.1 resp=0.76|c3:dx=0.0 dy=0.1 shift=0.1 resp=0.81|c4:dx=0.2 dy=-0.3 shift=0.3 resp=0.60|c5:dx=0.1 dy=-0.1 shift=0.1 resp=0.92|c6:dx=-0.1 dy=0.2 shift=0.2 resp=0.66|c7:dx=-0.0 dy=0.0 shift=0.0 resp=0.51|c8:dx=0.2 dy=-0.1 shift=0.2 resp=0.55,80.2|73.6|81.7|46.6|43.1|70.0|28.2|30.4|36.3,66.1,True,False,"grid_shift=(0.0,0.0) mag=0.0px suspect_mean=None h=- applied_shift=(0.0,0.0) method=-"
2026-09-11T07:47:57+09:00,CAM3_20260911_074757,87_16_stream2,normal,0,0,0,9,0,,,c0:dx=-0.2 dy=-0.1 shift=0.2 resp=0.27|c1:dx=-0.5 dy=0.3 shift=0.5 resp=0.38|c2:dx=-0.0 dy=0.5 shift=0.5 resp=0.13|c3:dx=0.0 dy=-0.1 shift=0.1 resp=0.86|c4:dx=-0.1 dy=0.0 shift=0.1 resp=0.78|c5:dx=-0.0 dy=-0.0 shift=0.0 resp=0.82|c6:dx=-0.1 dy=-0.1 shift=0.1 resp=0.79|c7:dx=-0.2 dy=0.2 shift=0.3 resp=0.68|c8:dx=0.0 dy=0.1 shift=0.1 resp=0.74,54.8|37.0|75.2|49.0|43.3|41.4|36.5|32.5|47.2,51.2,True,False,"grid_shift=(0.0,0.0) mag=0.0px suspect_mean=None h=- applied_shift=(0.0,0.0) method=-"
2026-09-11T07:52:26+09:00,CAM1_20260911_075226,87_11_stream2,ir_on,0,0,0,,,,,,,,False,False,"IR_ON:CAM1|화각변경 감지안함 sat=22.5 (IR ON<=15.0 / OFF>=25.0) applied_shift=(0.0,0.0)"
2026-09-11T07:52:41+09:00,CAM5_20260911_075241,87_10_stream2,normal,0,0,0,9,0,,,c0:dx=0.0 dy=-0.3 shift=0.3 resp=0.15|c1:dx=-0.0 dy=-0.0 shift=0.0 resp=0.83|c2:dx=-0.3 dy=-0.2 shift=0.4 resp=0.26|c3:dx=-0.2 dy=-0.2 shift=0.2 resp=0.46|c4:dx=0.0 dy=-0.0 shift=0.0 resp=0.75|c5:dx=-0.1 dy=-0.0 shift=0.1 resp=0.53|c6:dx=-0.0 dy=-0.1 shift=0.1 resp=0.62|c7:dx=0.0 dy=-0.0 shift=0.0 resp=0.81|c8:dx=0.5 dy=0.2 shift=0.5 resp=0.34,57.2|35.0|52.0|38.4|27.6|46.2|17.3|36.0|22.4,43.0,True,False,"grid_shift=(0.0,0.0) mag=0.0px suspect_mean=None h=- applied_shift=(0.0,0.0) method=-"
2026-09-11T07:52:42+09:00,CAM2_20260911_075242,87_12_stream2,normal,0,0,0,,,,,,,,False,False,"IR_OFF_STABILIZE:CAM2|화각변경 비교 대기 remaining=30.0s applied_shift=(0.0,0.0)"
2026-09-11T07:52:50+09:00,CAM4_20260911_075250,87_9_h264_2,normal,0,0,0,9,1,,,c0:dx=-0.1 dy=0.0 shift=0.1 resp=0.98|c1:dx=0.7 dy=0.0 shift=0.7 resp=0.87|c2:dx=0.3 dy=0.1 shift=0.3 resp=0.82|c3:dx=-0.0 dy=0.0 shift=0.0 resp=0.95|c4:dx=-0.1 dy=-0.0 shift=0.1 resp=0.90|c5:dx=0.0 dy=0.2 shift=0.2 resp=0.16|c6:dx=-0.0 dy=-0.2 shift=0.2 resp=0.78|c7:dx=0.1 dy=0.0 shift=0.1 resp=0.88|c8:dx=-7.3 dy=-17.8 shift=19.3 resp=0.01,39.5|57.9|52.5|44.7|83.5|62.0|21.9|45.7|35.3,64.6,True,False,"grid_shift=(-7.3,-17.8) mag=19.3px suspect_mean=None h=- applied_shift=(0.0,0.0) method=-"
2026-09-11T07:52:56+09:00,CAM6_20260911_075256,87_15_stream2,normal,0,0,0,9,0,,,c0:dx=-0.0 dy=0.1 shift=0.1 resp=0.40|c1:dx=-0.0 dy=0.1 shift=0.1 resp=0.49|c2:dx=0.0 dy=-0.0 shift=0.0 resp=0.88|c3:dx=-0.0 dy=-0.0 shift=0.0 resp=0.95|c4:dx=-0.1 dy=0.0 shift=0.1 resp=0.97|c5:dx=-0.0 dy=0.0 shift=0.0 resp=0.97|c6:dx=-0.0 dy=-0.1 shift=0.1 resp=0.94|c7:dx=-0.0 dy=0.0 shift=0.0 resp=0.97|c8:dx=0.0 dy=0.0 shift=0.0 resp=0.98,76.3|73.6|81.6|45.4|42.2|70.0|27.9|42.7|35.9,65.8,True,False,"grid_shift=(0.0,0.0) mag=0.0px suspect_mean=None h=- applied_shift=(0.0,0.0) method=-"
2026-09-11T07:52:57+09:00,CAM3_20260911_075257,87_16_stream2,normal,0,0,0,9,0,,,c0:dx=0.5 dy=0.2 shift=0.5 resp=0.18|c1:dx=-0.0 dy=-0.0 shift=0.0 resp=0.36|c2:dx=-0.1 dy=0.1 shift=0.1 resp=0.80|c3:dx=0.0 dy=-0.0 shift=0.0 resp=0.65|c4:dx=-0.0 dy=-0.1 shift=0.1 resp=0.89|c5:dx=1.3 dy=2.5 shift=2.9 resp=0.05|c6:dx=-0.0 dy=-0.0 shift=0.1 resp=0.65|c7:dx=-0.1 dy=0.0 shift=0.1 resp=0.75|c8:dx=-0.4 dy=-0.6 shift=0.7 resp=0.11,54.8|37.0|76.0|44.0|43.3|41.4|36.5|44.0|47.2,59.0,True,False,"grid_shift=(0.0,0.0) mag=0.0px suspect_mean=None h=- applied_shift=(0.0,0.0) method=-"
2026-09-11T07:53:12+09:00,CAM2_20260911_075312,87_12_stream2,normal,0,0,0,9,5,,,c0:dx=3.5 dy=-12.8 shift=13.3 resp=0.02|c1:dx=24.4 dy=26.0 shift=35.6 resp=0.05|c2:dx=0.2 dy=-3.5 shift=3.5 resp=0.22|c3:dx=-2.9 dy=-4.3 shift=5.2 resp=0.06|c4:dx=-10.6 dy=1.9 shift=10.8 resp=0.03|c5:dx=6.3 dy=-6.1 shift=8.8 resp=0.02|c6:dx=0.3 dy=-0.7 shift=0.8 resp=0.29|c7:dx=14.9 dy=-0.6 shift=14.9 resp=0.02|c8:dx=-2.4 dy=-0.6 shift=2.4 resp=-0.08,64.0|59.3|70.3|48.8|34.8|51.6|36.3|33.6|38.1,65.9,False,False,"grid_shift=(6.3,-0.6) mag=6.4px suspect_mean=None h=- applied_shift=(0.0,0.0) method=-"
2026-09-11T07:57:26+09:00,CAM1_20260911_075726,87_11_stream2,ir_on,0,0,0,,,,,,,,False,False,"IR_ON:CAM1|화각변경 감지안함 sat=22.7 (IR ON<=15.0 / OFF>=25.0) applied_shift=(0.0,0.0)"
2026-09-11T07:57:41+09:00,CAM5_20260911_075741,87_10_stream2,normal,0,0,0,9,0,,,c0:dx=0.2 dy=-0.1 shift=0.2 resp=0.97|c1:dx=0.0 dy=0.0 shift=0.0 resp=0.88|c2:dx=0.0 dy=-0.1 shift=0.1 resp=0.85|c3:dx=-0.0 dy=0.0 shift=0.0 resp=0.96|c4:dx=-0.0 dy=0.0 shift=0.0 resp=0.81|c5:dx=-0.0 dy=-0.0 shift=0.0 resp=0.90|c6:dx=-0.1 dy=0.1 shift=0.1 resp=0.86|c7:dx=-0.0 dy=-0.0 shift=0.1 resp=0.86|c8:dx=-0.2 dy=-0.1 shift=0.2 resp=0.47,57.2|35.3|52.0|43.4|27.8|42.3|16.9|37.3|23.4,42.3,True,False,"grid_shift=(0.0,0.0) mag=0.0px suspect_mean=None h=- applied_shift=(0.0,0.0) method=-"
2026-09-11T07:57:50+09:00,CAM4_20260911_075750,87_9_h264_2,normal,0,0,0,9,0,,,c0:dx=0.1 dy=-0.0 shift=0.1 resp=0.99|c1:dx=-0.3 dy=0.0 shift=0.3 resp=0.95|c2:dx=-0.3 dy=-0.0 shift=0.3 resp=0.99|c3:dx=-0.0 dy=-0.0 shift=0.1 resp=0.97|c4:dx=0.0 dy=-0.1 shift=0.1 resp=1.00|c5:dx=0.0 dy=-0.0 shift=0.0 resp=0.97|c6:dx=0.0 dy=-0.0 shift=0.0 resp=0.87|c7:dx=-0.0 dy=-0.0 shift=0.0 resp=0.98|c8:dx=0.0 dy=-0.0 shift=0.1 resp=0.99,45.1|63.2|55.8|52.6|86.3|67.6|28.0|64.3|64.9,63.8,True,False,"grid_shift=(0.0,0.0) mag=0.0px suspect_mean=None h=- applied_shift=(0.0,0.0) method=-"
2026-09-11T07:57:56+09:00,CAM6_20260911_075756,87_15_stream2,normal,0,0,0,9,0,,,c0:dx=0.1 dy=-0.1 shift=0.1 resp=0.43|c1:dx=-0.2 dy=0.0 shift=0.2 resp=0.38|c2:dx=-0.0 dy=-0.0 shift=0.0 resp=0.86|c3:dx=-0.0 dy=0.0 shift=0.0 resp=0.95|c4:dx=0.1 dy=-0.0 shift=0.1 resp=0.92|c5:dx=0.0 dy=0.0 shift=0.0 resp=0.99|c6:dx=0.0 dy=0.0 shift=0.0 resp=0.95|c7:dx=0.0 dy=-0.0 shift=0.0 resp=0.97|c8:dx=-0.0 dy=0.0 shift=0.0 resp=0.98,74.1|69.2|79.2|45.1|40.6|70.8|27.9|42.7|35.9,63.8,True,False,"grid_shift=(0.0,0.0) mag=0.0px suspect_mean=None h=- applied_shift=(0.0,0.0) method=-"
2026-09-11T07:57:57+09:00,CAM3_20260911_075757,87_16_stream2,normal,0,0,0,9,0,,,c0:dx=0.6 dy=0.2 shift=0.6 resp=0.41|c1:dx=0.0 dy=-0.0 shift=0.0 resp=0.40|c2:dx=-0.7 dy=1.2 shift=1.4 resp=0.07|c3:dx=0.2 dy=0.1 shift=0.2 resp=0.37|c4:dx=0.0 dy=0.1 shift=0.1 resp=0.88|c5:dx=-0.8 dy=-2.0 shift=2.2 resp=0.04|c6:dx=-0.2 dy=0.1 shift=0.3 resp=0.34|c7:dx=0.1 dy=-0.0 shift=0.1 resp=0.77|c8:dx=-0.2 dy=0.8 shift=0.9 resp=0.17,52.0|39.3|73.3|38.5|43.9|39.6|25.6|44.0|37.5,52.0,True,False,"grid_shift=(0.0,0.0) mag=0.0px suspect_mean=None h=- applied_shift=(0.0,0.0) method=-"
2026-09-11T07:58:12+09:00,CAM2_20260911_075812,87_12_stream2,normal,0,0,0,9,3,,,c0:dx=0.3 dy=1.0 shift=1.1 resp=0.09|c1:dx=-0.6 dy=-3.6 shift=3.6 resp=0.08|c2:dx=0.3 dy=-3.2 shift=3.2 resp=0.23|c3:dx=1.0 dy=-1.2 shift=1.5 resp=0.17|c4:dx=-56.9 dy=10.9 shift=57.9 resp=0.04|c5:dx=9.5 dy=-2.8 shift=9.9 resp=0.01|c6:dx=0.3 dy=-0.7 shift=0.8 resp=0.30|c7:dx=-2.3 dy=38.3 shift=38.4 resp=0.25|c8:dx=-1.8 dy=-0.5 shift=1.8 resp=-0.07,63.7|56.2|69.7|48.8|34.7|51.6|36.3|42.5|38.1,65.1,True,False,"grid_shift=(-2.3,10.9) mag=11.2px suspect_mean=None h=- applied_shift=(0.0,0.0) method=-"
2026-09-11T08:02:26+09:00,CAM1_20260911_080226,87_11_stream2,ir_on,0,0,0,,,,,,,,False,False,"IR_ON:CAM1|화각변경 감지안함 sat=23.5 (IR ON<=15.0 / OFF>=25.0) applied_shift=(0.0,0.0)"
2026-09-11T08:02:41+09:00,CAM5_20260911_080241,87_10_stream2,normal,0,0,0,9,0,,,c0:dx=0.0 dy=-0.0 shift=0.0 resp=0.92|c1:dx=0.1 dy=-0.4 shift=0.4 resp=0.29|c2:dx=-0.0 dy=0.1 shift=0.1 resp=0.78|c3:dx=0.1 dy=-0.0 shift=0.1 resp=0.56|c4:dx=-0.1 dy=-0.0 shift=0.1 resp=0.12|c5:dx=0.0 dy=0.4 shift=0.4 resp=0.80|c6:dx=0.1 dy=-0.1 shift=0.1 resp=0.84|c7:dx=0.1 dy=0.2 shift=0.3 resp=0.50|c8:dx=-0.1 dy=-0.0 shift=0.1 resp=0.89,59.4|36.2|52.5|43.7|27.8|42.3|16.9|37.6|22.0,46.6,True,False,"grid_shift=(0.0,0.0) mag=0.0px suspect_mean=None h=- applied_shift=(0.0,0.0) method=-"
2026-09-11T08:02:50+09:00,CAM4_20260911_080250,87_9_h264_2,normal,0,0,0,9,1,,,c0:dx=-0.1 dy=0.0 shift=0.1 resp=0.93|c1:dx=0.2 dy=0.1 shift=0.2 resp=0.58|c2:dx=-0.0 dy=0.2 shift=0.2 resp=0.96|c3:dx=-0.2 dy=0.3 shift=0.3 resp=0.53|c4:dx=69.4 dy=2.1 shift=69.4 resp=-0.01|c5:dx=-0.1 dy=0.1 shift=0.1 resp=0.89|c6:dx=-0.2 dy=0.8 shift=0.9 resp=0.05|c7:dx=-0.1 dy=0.3 shift=0.3 resp=0.65|c8:dx=-0.1 dy=-0.0 shift=0.1 resp=0.99,44.2|63.2|55.8|40.3|86.7|67.7|28.3|51.2|64.9,65.6,True,False,"grid_shift=(69.4,2.1) mag=69.4px suspect_mean=None h=- applied_shift=(0.0,0.0) method=-"
2026-09-11T08:02:56+09:00,CAM6_20260911_080256,87_15_stream2,normal,0,0,0,9,0,,,c0:dx=0.0 dy=0.0 shift=0.0 resp=0.97|c1:dx=-0.0 dy=0.1 shift=0.1 resp=0.57|c2:dx=-0.0 dy=0.1 shift=0.1 resp=0.84|c3:dx=0.1 dy=0.1 shift=0.1 resp=0.93|c4:dx=-0.2 dy=-0.0 shift=0.2 resp=0.63|c5:dx=-0.0 dy=0.1 shift=0.1 resp=0.98|c6:dx=-0.0 dy=0.0 shift=0.0 resp=0.94|c7:dx=-0.1 dy=0.3 shift=0.3 resp=0.79|c8:dx=0.0 dy=0.1 shift=0.1 resp=0.98,74.1|67.8|78.1|45.1|40.6|71.0|29.2|43.8|37.8,63.9,True,False,"grid_shift=(0.0,0.0) mag=0.0px suspect_mean=None h=- applied_shift=(0.0,0.0) method=-"
2026-09-11T08:02:58+09:00,CAM3_20260911_080258,87_16_stream2,normal,0,0,0,9,0,,,c0:dx=0.1 dy=-0.0 shift=0.1 resp=0.62|c1:dx=1.1 dy=3.6 shift=3.8 resp=0.03|c2:dx=-0.0 dy=-0.1 shift=0.1 resp=0.41|c3:dx=-0.1 dy=-0.1 shift=0.2 resp=0.72|c4:dx=-0.4 dy=0.1 shift=0.4 resp=0.14|c5:dx=0.2 dy=-0.4 shift=0.5 resp=0.26|c6:dx=-0.1 dy=0.5 shift=0.5 resp=0.12|c7:dx=0.1 dy=0.4 shift=0.4 resp=0.21|c8:dx=-0.0 dy=-0.1 shift=0.1 resp=0.93,52.0|44.6|45.3|38.5|43.9|39.6|25.6|47.3|33.8,57.4,True,False,"grid_shift=(0.0,0.0) mag=0.0px suspect_mean=None h=- applied_shift=(0.0,0.0) method=-"
2026-09-11T08:03:12+09:00,CAM2_20260911_080312,87_12_stream2,normal,0,0,0,9,1,,,c0:dx=-0.1 dy=-0.1 shift=0.1 resp=0.96|c1:dx=-0.8 dy=-1.6 shift=1.8 resp=0.05|c2:dx=-0.1 dy=-0.0 shift=0.1 resp=0.94|c3:dx=-0.1 dy=-0.0 shift=0.1 resp=0.87|c4:dx=63.2 dy=37.4 shift=73.4 resp=-0.01|c5:dx=-0.1 dy=-0.2 shift=0.2 resp=0.74|c6:dx=0.0 dy=-0.0 shift=0.0 resp=0.93|c7:dx=0.3 dy=0.3 shift=0.4 resp=0.08|c8:dx=-0.0 dy=0.0 shift=0.0 resp=0.89,63.7|56.2|69.7|75.9|34.7|76.7|62.1|42.5|57.3,66.7,True,False,"grid_shift=(63.2,37.4) mag=73.4px suspect_mean=None h=- applied_shift=(0.0,0.0) method=-"
2026-09-11T08:07:26+09:00,CAM1_20260911_080726,87_11_stream2,ir_on,0,0,0,,,,,,,,False,False,"IR_ON:CAM1|화각변경 감지안함 sat=23.2 (IR ON<=15.0 / OFF>=25.0) applied_shift=(0.0,0.0)"
2026-09-11T08:07:41+09:00,CAM5_20260911_080741,87_10_stream2,normal,0,0,0,9,0,,,c0:dx=-0.0 dy=-0.0 shift=0.0 resp=0.91|c1:dx=-0.2 dy=0.0 shift=0.2 resp=0.08|c2:dx=-0.0 dy=0.1 shift=0.1 resp=0.93|c3:dx=-0.0 dy=0.2 shift=0.2 resp=0.56|c4:dx=1.2 dy=1.1 shift=1.6 resp=0.03|c5:dx=-0.2 dy=0.2 shift=0.2 resp=0.53|c6:dx=6.9 dy=-0.3 shift=6.9 resp=0.10|c7:dx=0.1 dy=-0.1 shift=0.1 resp=0.26|c8:dx=0.0 dy=-0.0 shift=0.1 resp=0.70,61.6|46.9|53.8|47.3|47.5|44.3|20.7|40.0|22.0,52.6,True,False,"grid_shift=(0.0,0.0) mag=0.0px suspect_mean=None h=- applied_shift=(0.0,0.0) method=-"
2026-09-11T08:07:51+09:00,CAM4_20260911_080751,87_9_h264_2,normal,0,0,0,9,0,,,c0:dx=-0.0 dy=0.0 shift=0.0 resp=0.96|c1:dx=0.1 dy=0.2 shift=0.2 resp=0.94|c2:dx=0.1 dy=0.1 shift=0.1 resp=0.97|c3:dx=0.3 dy=0.1 shift=0.3 resp=0.56|c4:dx=0.0 dy=0.8 shift=0.8 resp=0.96|c5:dx=0.2 dy=0.1 shift=0.2 resp=0.90|c6:dx=-3.2 dy=-1.8 shift=3.6 resp=0.02|c7:dx=0.0 dy=0.1 shift=0.1 resp=0.63|c8:dx=0.0 dy=0.7 shift=0.7 resp=0.96,43.8|78.9|56.4|39.5|89.0|70.1|42.7|51.2|71.7,66.8,True,False,"grid_shift=(0.0,0.0) mag=0.0px suspect_mean=None h=- applied_shift=(0.0,0.0) method=-"
2026-09-11T08:07:57+09:00,CAM6_20260911_080757,87_15_stream2,normal,0,0,0,9,0,,,c0:dx=-0.0 dy=-0.0 shift=0.0 resp=0.99|c1:dx=0.0 dy=0.0 shift=0.0 resp=0.68|c2:dx=0.0 dy=-0.0 shift=0.0 resp=0.95|c3:dx=0.0 dy=-0.0 shift=0.0 resp=0.94|c4:dx=-0.0 dy=-0.0 shift=0.0 resp=0.44|c5:dx=0.0 dy=-0.0 shift=0.0 resp=0.98|c6:dx=0.0 dy=-0.0 shift=0.0 resp=0.93|c7:dx=-0.0 dy=-0.4 shift=0.4 resp=0.78|c8:dx=-0.0 dy=-0.1 shift=0.1 resp=0.97,74.9|66.9|78.1|47.5|45.2|72.7|29.5|45.3|38.6,63.9,True,False,"grid_shift=(0.0,0.0) mag=0.0px suspect_mean=None h=- applied_shift=(0.0,0.0) method=-"
2026-09-11T08:07:58+09:00,CAM3_20260911_080758,87_16_stream2,normal,0,0,0,9,1,,,c0:dx=0.0 dy=0.1 shift=0.1 resp=0.58|c1:dx=0.7 dy=-0.5 shift=0.9 resp=0.10|c2:dx=-0.2 dy=0.1 shift=0.3 resp=0.65|c3:dx=-0.1 dy=-0.1 shift=0.1 resp=0.43|c4:dx=0.5 dy=-0.1 shift=0.5 resp=0.11|c5:dx=-0.1 dy=1.1 shift=1.1 resp=0.75|c6:dx=-29.4 dy=31.5 shift=43.1 resp=0.06|c7:dx=0.3 dy=-0.2 shift=0.3 resp=0.13|c8:dx=-0.3 dy=0.0 shift=0.3 resp=0.52,54.1|56.8|45.3|41.3|59.7|50.7|52.7|62.9|33.8,58.2,True,False,"grid_shift=(-29.4,31.5) mag=43.1px suspect_mean=None h=- applied_shift=(0.0,0.0) method=-"
2026-09-11T08:08:13+09:00,CAM2_20260911_080812,87_12_stream2,normal,0,0,0,9,2,,,c0:dx=-0.0 dy=-0.1 shift=0.1 resp=0.94|c1:dx=-28.0 dy=-19.8 shift=34.3 resp=0.04|c2:dx=-0.1 dy=0.0 shift=0.1 resp=0.89|c3:dx=-0.0 dy=-0.0 shift=0.0 resp=0.84|c4:dx=11.0 dy=18.4 shift=21.5 resp=-0.02|c5:dx=0.1 dy=-0.2 shift=0.2 resp=0.70|c6:dx=0.1 dy=0.0 shift=0.1 resp=0.89|c7:dx=-0.5 dy=0.4 shift=0.7 resp=0.08|c8:dx=0.1 dy=0.0 shift=0.1 resp=0.95,64.0|57.8|70.7|77.2|28.3|77.6|64.4|44.1|57.2,68.1,True,False,"grid_shift=(-8.5,-0.7) mag=8.5px suspect_mean=None h=- applied_shift=(0.0,0.0) method=-"
2026-09-11T08:12:26+09:00,CAM1_20260911_081226,87_11_stream2,ir_on,0,0,0,,,,,,,,False,False,"IR_ON:CAM1|화각변경 감지안함 sat=23.3 (IR ON<=15.0 / OFF>=25.0) applied_shift=(0.0,0.0)"
2026-09-11T08:12:41+09:00,CAM5_20260911_081241,87_10_stream2,normal,0,0,0,9,0,,,c0:dx=0.0 dy=0.1 shift=0.1 resp=0.88|c1:dx=-0.8 dy=0.0 shift=0.8 resp=0.05|c2:dx=-0.0 dy=0.2 shift=0.2 resp=0.83|c3:dx=-0.1 dy=0.0 shift=0.1 resp=0.60|c4:dx=-1.8 dy=1.3 shift=2.2 resp=0.02|c5:dx=-0.1 dy=0.0 shift=0.1 resp=0.75|c6:dx=0.1 dy=-0.0 shift=0.1 resp=0.64|c7:dx=-0.3 dy=0.3 shift=0.4 resp=0.24|c8:dx=-0.0 dy=0.0 shift=0.0 resp=0.38,63.5|44.0|55.4|48.2|47.5|47.6|41.8|43.0|23.4,50.3,True,False,"grid_shift=(0.0,0.0) mag=0.0px suspect_mean=None h=- applied_shift=(0.0,0.0) method=-"
2026-09-11T08:12:51+09:00,CAM4_20260911_081251,87_9_h264_2,normal,0,0,0,9,0,,,c0:dx=0.0 dy=0.0 shift=0.1 resp=0.98|c1:dx=-0.0 dy=0.1 shift=0.1 resp=0.98|c2:dx=-0.1 dy=-0.1 shift=0.2 resp=0.98|c3:dx=0.3 dy=-0.0 shift=0.3 resp=0.63|c4:dx=0.0 dy=0.2 shift=0.2 resp=0.98|c5:dx=-0.4 dy=0.0 shift=0.4 resp=0.81|c6:dx=-0.4 dy=0.2 shift=0.5 resp=-0.04|c7:dx=-0.0 dy=0.0 shift=0.1 resp=0.72|c8:dx=-0.4 dy=-0.4 shift=0.5 resp=0.69,43.8|78.9|56.4|39.5|89.0|70.1|36.5|54.0|72.2,66.9,True,False,"grid_shift=(0.0,0.0) mag=0.0px suspect_mean=None h=- applied_shift=(0.0,0.0) method=-"
2026-09-11T08:12:57+09:00,CAM6_20260911_081257,87_15_stream2,normal,0,0,0,9,0,,,c0:dx=0.0 dy=-0.1 shift=0.1 resp=0.98|c1:dx=-0.1 dy=0.0 shift=0.1 resp=0.65|c2:dx=-0.0 dy=-0.0 shift=0.0 resp=0.94|c3:dx=-0.0 dy=-0.0 shift=0.1 resp=0.93|c4:dx=0.0 dy=-0.0 shift=0.1 resp=0.39|c5:dx=-0.1 dy=-0.0 shift=0.1 resp=0.98|c6:dx=-0.0 dy=-0.0 shift=0.0 resp=0.94|c7:dx=0.0 dy=-0.0 shift=0.0 resp=0.78|c8:dx=0.1 dy=-0.0 shift=0.1 resp=0.95,74.9|66.9|77.7|47.8|45.5|72.7|29.6|41.1|37.9,64.3,True,False,"grid_shift=(0.0,0.0) mag=0.0px suspect_mean=None h=- applied_shift=(0.0,0.0) method=-"
2026-09-11T08:12:58+09:00,CAM3_20260911_081258,87_16_stream2,normal,0,0,0,9,0,,,c0:dx=0.1 dy=0.1 shift=0.1 resp=0.70|c1:dx=-0.1 dy=0.6 shift=0.6 resp=0.10|c2:dx=0.1 dy=0.2 shift=0.2 resp=0.63|c3:dx=-0.0 dy=0.1 shift=0.1 resp=0.35|c4:dx=-0.1 dy=-0.5 shift=0.5 resp=0.15|c5:dx=-0.0 dy=0.2 shift=0.2 resp=0.22|c6:dx=0.4 dy=-0.0 shift=0.4 resp=0.11|c7:dx=-3.7 dy=0.7 shift=3.7 resp=0.03|c8:dx=-0.0 dy=0.1 shift=0.1 resp=0.87,52.7|56.8|44.5|40.9|59.7|53.1|36.7|56.4|53.8,57.0,True,False,"grid_shift=(0.0,0.0) mag=0.0px suspect_mean=None h=- applied_shift=(0.0,0.0) method=-"
2026-09-11T08:13:13+09:00,CAM2_20260911_081313,87_12_stream2,normal,0,0,0,9,0,,,c0:dx=-0.2 dy=-0.0 shift=0.2 resp=0.95|c1:dx=-0.4 dy=2.1 shift=2.2 resp=0.05|c2:dx=-0.1 dy=-0.1 shift=0.1 resp=0.96|c3:dx=-0.1 dy=-0.1 shift=0.2 resp=0.85|c4:dx=-3.7 dy=1.7 shift=4.1 resp=0.02|c5:dx=-0.2 dy=0.1 shift=0.2 resp=0.92|c6:dx=-0.1 dy=0.0 shift=0.1 resp=0.91|c7:dx=1.6 dy=-2.4 shift=2.9 resp=0.04|c8:dx=-0.0 dy=-0.0 shift=0.0 resp=0.96,64.0|61.3|71.5|78.7|28.3|78.5|65.5|44.1|57.2,68.5,True,False,"grid_shift=(0.0,0.0) mag=0.0px suspect_mean=None h=- applied_shift=(0.0,0.0) method=-"
2026-09-11T08:17:26+09:00,CAM1_20260911_081726,87_11_stream2,ir_on,0,0,0,,,,,,,,False,False,"IR_ON:CAM1|화각변경 감지안함 sat=23.8 (IR ON<=15.0 / OFF>=25.0) applied_shift=(0.0,0.0)"
2026-09-11T08:17:41+09:00,CAM5_20260911_081741,87_10_stream2,normal,0,0,0,9,1,,,c0:dx=0.1 dy=-0.0 shift=0.1 resp=0.78|c1:dx=0.4 dy=0.5 shift=0.6 resp=0.18|c2:dx=0.0 dy=-0.0 shift=0.0 resp=0.81|c3:dx=0.1 dy=0.2 shift=0.2 resp=0.27|c4:dx=24.4 dy=-11.4 shift=26.9 resp=-0.00|c5:dx=0.0 dy=0.4 shift=0.4 resp=0.65|c6:dx=-3.9 dy=0.7 shift=4.0 resp=0.38|c7:dx=0.3 dy=-0.2 shift=0.3 resp=0.28|c8:dx=0.1 dy=-0.0 shift=0.1 resp=0.59,63.4|43.4|56.6|43.9|47.1|49.2|44.1|41.4|28.8,48.3,True,False,"grid_shift=(24.4,-11.4) mag=26.9px suspect_mean=None h=- applied_shift=(0.0,0.0) method=-"
2026-09-11T08:17:51+09:00,CAM4_20260911_081751,87_9_h264_2,normal,0,0,0,9,0,,,c0:dx=0.0 dy=-0.0 shift=0.0 resp=0.99|c1:dx=-0.1 dy=-0.1 shift=0.2 resp=1.00|c2:dx=-0.0 dy=0.1 shift=0.1 resp=0.98|c3:dx=0.0 dy=0.0 shift=0.0 resp=0.63|c4:dx=0.1 dy=-0.1 shift=0.2 resp=0.98|c5:dx=-0.1 dy=0.0 shift=0.1 resp=0.81|c6:dx=0.9 dy=0.2 shift=1.0 resp=0.08|c7:dx=0.1 dy=0.0 shift=0.1 resp=0.66|c8:dx=-0.1 dy=0.1 shift=0.2 resp=0.74,45.1|80.6|58.4|38.5|89.0|74.9|36.5|54.0|72.2,67.7,True,False,"grid_shift=(0.0,0.0) mag=0.0px suspect_mean=None h=- applied_shift=(0.0,0.0) method=-"
2026-09-11T08:17:57+09:00,CAM6_20260911_081757,87_15_stream2,normal,0,0,0,9,0,,,c0:dx=0.0 dy=0.0 shift=0.0 resp=0.97|c1:dx=0.0 dy=-0.0 shift=0.0 resp=0.81|c2:dx=-0.1 dy=-0.0 shift=0.1 resp=0.95|c3:dx=-0.0 dy=0.0 shift=0.0 resp=0.95|c4:dx=0.0 dy=0.1 shift=0.1 resp=0.50|c5:dx=-0.0 dy=0.1 shift=0.1 resp=0.98|c6:dx=0.0 dy=-0.0 shift=0.0 resp=0.95|c7:dx=0.0 dy=0.0 shift=0.0 resp=0.78|c8:dx=-0.0 dy=0.0 shift=0.0 resp=0.97,75.2|66.9|77.7|49.4|45.5|72.7|29.6|38.4|37.5,64.6,True,False,"grid_shift=(0.0,0.0) mag=0.0px suspect_mean=None h=- applied_shift=(0.0,0.0) method=-"
2026-09-11T08:17:58+09:00,CAM3_20260911_081758,87_16_stream2,normal,0,0,0,9,1,,,c0:dx=0.0 dy=0.1 shift=0.1 resp=0.72|c1:dx=-6.9 dy=17.9 shift=19.2 resp=0.06|c2:dx=-0.1 dy=0.0 shift=0.1 resp=0.72|c3:dx=0.1 dy=0.1 shift=0.1 resp=0.86|c4:dx=0.0 dy=1.1 shift=1.1 resp=0.09|c5:dx=0.1 dy=0.2 shift=0.2 resp=0.78|c6:dx=0.2 dy=0.1 shift=0.3 resp=0.30|c7:dx=0.4 dy=-0.8 shift=0.9 resp=0.06|c8:dx=0.1 dy=-0.0 shift=0.1 resp=0.85,52.7|62.2|44.5|40.9|54.9|52.7|36.7|56.4|60.3,55.9,True,False,"grid_shift=(-6.9,17.9) mag=19.2px suspect_mean=None h=- applied_shift=(0.0,0.0) method=-"
2026-09-11T08:18:13+09:00,CAM2_20260911_081813,87_12_stream2,normal,0,0,0,9,0,,,c0:dx=-0.0 dy=0.1 shift=0.1 resp=0.95|c1:dx=-0.1 dy=0.1 shift=0.2 resp=0.19|c2:dx=0.4 dy=0.1 shift=0.4 resp=0.96|c3:dx=0.0 dy=-0.1 shift=0.1 resp=0.83|c4:dx=-1.0 dy=0.2 shift=1.0 resp=0.12|c5:dx=0.1 dy=0.1 shift=0.2 resp=0.88|c6:dx=-0.0 dy=-0.0 shift=0.1 resp=0.91|c7:dx=-0.9 dy=-0.5 shift=1.0 resp=0.15|c8:dx=-0.0 dy=-0.0 shift=0.0 resp=0.96,65.2|53.2|72.8|79.3|25.9|79.2|65.9|47.1|58.1,69.4,True,False,"grid_shift=(0.0,0.0) mag=0.0px suspect_mean=None h=- applied_shift=(0.0,0.0) method=-"
2026-09-11T08:22:26+09:00,CAM1_20260911_082226,87_11_stream2,ir_on,0,0,0,,,,,,,,False,False,"IR_ON:CAM1|화각변경 감지안함 sat=24.2 (IR ON<=15.0 / OFF>=25.0) applied_shift=(0.0,0.0)"
2026-09-11T08:22:41+09:00,CAM5_20260911_082241,87_10_stream2,normal,0,0,0,9,0,,,c0:dx=-0.0 dy=0.1 shift=0.1 resp=0.94|c1:dx=0.1 dy=-0.0 shift=0.1 resp=0.34|c2:dx=-0.0 dy=0.1 shift=0.1 resp=0.92|c3:dx=-0.1 dy=-0.1 shift=0.2 resp=0.43|c4:dx=-0.2 dy=-0.5 shift=0.6 resp=0.10|c5:dx=0.0 dy=0.2 shift=0.2 resp=0.52|c6:dx=0.1 dy=0.0 shift=0.1 resp=0.50|c7:dx=0.0 dy=0.7 shift=0.7 resp=0.23|c8:dx=0.0 dy=0.0 shift=0.1 resp=0.90,62.9|43.4|58.3|43.9|47.1|49.2|45.9|41.4|31.1,49.6,True,False,"grid_shift=(0.0,0.0) mag=0.0px suspect_mean=None h=- applied_shift=(0.0,0.0) method=-"
2026-09-11T08:22:51+09:00,CAM4_20260911_082251,87_9_h264_2,normal,0,0,0,9,0,,,c0:dx=-0.1 dy=-0.1 shift=0.1 resp=0.96|c1:dx=-0.0 dy=0.2 shift=0.2 resp=0.93|c2:dx=0.2 dy=-0.0 shift=0.2 resp=0.99|c3:dx=-0.0 dy=0.1 shift=0.1 resp=0.55|c4:dx=-0.1 dy=0.2 shift=0.3 resp=0.98|c5:dx=-0.1 dy=0.1 shift=0.1 resp=0.94|c6:dx=0.7 dy=0.7 shift=1.0 resp=0.13|c7:dx=-0.1 dy=0.1 shift=0.1 resp=0.61|c8:dx=-0.1 dy=0.1 shift=0.2 resp=0.99,45.1|80.4|57.7|38.5|87.6|74.4|46.6|54.0|73.9,67.9,True,False,"grid_shift=(0.0,0.0) mag=0.0px suspect_mean=None h=- applied_shift=(0.0,0.0) method=-"
2026-09-11T08:22:57+09:00,CAM6_20260911_082257,87_15_stream2,normal,0,0,0,9,0,,,c0:dx=-0.0 dy=0.0 shift=0.1 resp=0.85|c1:dx=0.0 dy=0.1 shift=0.1 resp=0.62|c2:dx=-0.0 dy=-0.0 shift=0.0 resp=0.87|c3:dx=0.0 dy=-0.1 shift=0.1 resp=0.80|c4:dx=-0.0 dy=-0.4 shift=0.4 resp=0.52|c5:dx=-0.0 dy=-0.0 shift=0.0 resp=0.99|c6:dx=0.0 dy=0.0 shift=0.0 resp=0.94|c7:dx=0.0 dy=0.1 shift=0.1 resp=0.78|c8:dx=0.0 dy=0.0 shift=0.0 resp=0.98,75.5|66.9|78.1|50.3|46.2|73.5|29.8|38.4|37.5,64.7,True,False,"grid_shift=(0.0,0.0) mag=0.0px suspect_mean=None h=- applied_shift=(0.0,0.0) method=-"
2026-09-11T08:22:58+09:00,CAM3_20260911_082258,87_16_stream2,normal,0,0,0,9,0,,,c0:dx=-0.0 dy=-0.0 shift=0.0 resp=0.82|c1:dx=-2.5 dy=0.3 shift=2.6 resp=-0.02|c2:dx=0.5 dy=0.4 shift=0.7 resp=0.21|c3:dx=-0.2 dy=-0.1 shift=0.3 resp=0.91|c4:dx=-0.0 dy=0.2 shift=0.2 resp=0.12|c5:dx=-0.0 dy=0.1 shift=0.1 resp=0.93|c6:dx=-1.2 dy=-1.5 shift=1.9 resp=0.06|c7:dx=0.5 dy=1.4 shift=1.5 resp=0.04|c8:dx=-0.2 dy=-0.1 shift=0.2 resp=0.88,53.0|60.0|47.5|42.8|52.7|52.7|41.0|50.5|44.0,55.5,True,False,"grid_shift=(0.0,0.0) mag=0.0px suspect_mean=None h=- applied_shift=(0.0,0.0) method=-"
2026-09-11T08:23:13+09:00,CAM2_20260911_082313,87_12_stream2,normal,0,0,0,9,0,,,c0:dx=-0.1 dy=0.2 shift=0.3 resp=0.96|c1:dx=-0.2 dy=-0.1 shift=0.2 resp=0.20|c2:dx=0.3 dy=0.0 shift=0.3 resp=1.00|c3:dx=0.0 dy=0.2 shift=0.2 resp=0.90|c4:dx=0.3 dy=0.1 shift=0.3 resp=0.18|c5:dx=0.2 dy=0.2 shift=0.3 resp=0.92|c6:dx=-0.0 dy=0.0 shift=0.0 resp=0.91|c7:dx=-0.2 dy=0.0 shift=0.2 resp=0.09|c8:dx=-0.0 dy=0.0 shift=0.0 resp=0.96,65.2|50.4|72.8|79.8|23.0|80.3|67.9|52.1|58.4,68.4,True,False,"grid_shift=(0.0,0.0) mag=0.0px suspect_mean=None h=- applied_shift=(0.0,0.0) method=-"
2026-09-11T08:27:26+09:00,CAM1_20260911_082726,87_11_stream2,ir_on,0,0,0,,,,,,,,False,False,"IR_ON:CAM1|화각변경 감지안함 sat=23.8 (IR ON<=15.0 / OFF>=25.0) applied_shift=(0.0,0.0)"
2026-09-11T08:27:41+09:00,CAM5_20260911_082741,87_10_stream2,normal,0,0,0,9,0,,,c0:dx=0.2 dy=0.0 shift=0.2 resp=0.80|c1:dx=-0.4 dy=-0.3 shift=0.5 resp=0.21|c2:dx=0.1 dy=0.1 shift=0.2 resp=0.68|c3:dx=-0.2 dy=-0.2 shift=0.3 resp=0.14|c4:dx=-0.4 dy=0.3 shift=0.5 resp=0.13|c5:dx=0.2 dy=0.4 shift=0.5 resp=0.47|c6:dx=-0.1 dy=0.3 shift=0.3 resp=0.39|c7:dx=0.2 dy=-0.2 shift=0.3 resp=0.16|c8:dx=0.0 dy=0.0 shift=0.0 resp=0.27,62.7|47.4|59.0|44.4|47.0|47.7|46.9|44.3|33.3,50.4,True,False,"grid_shift=(0.0,0.0) mag=0.0px suspect_mean=None h=- applied_shift=(0.0,0.0) method=-"
2026-09-11T08:27:51+09:00,CAM4_20260911_082751,87_9_h264_2,suspect,1,0,1,9,9,,,c0:dx=22.2 dy=16.4 shift=27.6 resp=0.03|c1:dx=26.4 dy=-52.2 shift=58.5 resp=0.02|c2:dx=23.4 dy=12.9 shift=26.8 resp=0.07|c3:dx=-8.2 dy=-43.2 shift=43.9 resp=-0.03|c4:dx=-78.7 dy=-5.9 shift=78.9 resp=-0.00|c5:dx=103.8 dy=10.3 shift=104.3 resp=0.15|c6:dx=-14.8 dy=29.2 shift=32.7 resp=-0.01|c7:dx=12.3 dy=-27.7 shift=30.3 resp=-0.00|c8:dx=39.1 dy=-34.0 shift=51.8 resp=0.04,45.6|40.9|57.7|48.1|53.8|73.6|46.6|54.8|59.3,63.9,False,False,"grid_shift=(22.2,-5.9) mag=23.0px suspect_mean=None h=- applied_shift=(0.0,0.0) method=-"
2026-09-11T08:27:57+09:00,CAM6_20260911_082757,87_15_stream2,normal,0,0,0,9,0,,,c0:dx=0.1 dy=-0.1 shift=0.1 resp=0.84|c1:dx=-0.0 dy=-0.1 shift=0.1 resp=0.62|c2:dx=0.0 dy=-0.0 shift=0.0 resp=0.89|c3:dx=-0.0 dy=0.0 shift=0.0 resp=0.78|c4:dx=0.0 dy=0.1 shift=0.1 resp=0.74|c5:dx=0.0 dy=-0.0 shift=0.0 resp=0.99|c6:dx=-0.1 dy=-0.0 shift=0.1 resp=0.93|c7:dx=-0.1 dy=-0.1 shift=0.1 resp=0.75|c8:dx=-0.1 dy=0.0 shift=0.1 resp=0.97,76.1|68.3|79.1|52.5|46.2|74.1|29.8|39.6|38.9,65.6,True,False,"grid_shift=(0.0,0.0) mag=0.0px suspect_mean=None h=- applied_shift=(0.0,0.0) method=-"
2026-09-11T08:27:58+09:00,CAM3_20260911_082758,87_16_stream2,normal,0,0,0,9,0,,,c0:dx=0.2 dy=0.0 shift=0.2 resp=0.70|c1:dx=4.5 dy=-2.4 shift=5.2 resp=-0.01|c2:dx=0.0 dy=0.0 shift=0.0 resp=0.52|c3:dx=0.0 dy=0.2 shift=0.2 resp=0.71|c4:dx=0.4 dy=0.7 shift=0.8 resp=0.06|c5:dx=0.1 dy=-0.1 shift=0.1 resp=0.97|c6:dx=0.3 dy=0.2 shift=0.3 resp=0.28|c7:dx=0.3 dy=0.3 shift=0.4 resp=0.14|c8:dx=0.2 dy=0.0 shift=0.2 resp=0.95,53.2|59.7|45.9|42.3|50.4|52.9|43.1|46.1|44.0,53.5,True,False,"grid_shift=(0.0,0.0) mag=0.0px suspect_mean=None h=- applied_shift=(0.0,0.0) method=-"
2026-09-11T08:28:13+09:00,CAM2_20260911_082813,87_12_stream2,normal,0,0,0,9,0,,,c0:dx=0.0 dy=0.1 shift=0.1 resp=0.97|c1:dx=0.3 dy=-0.0 shift=0.3 resp=0.17|c2:dx=0.4 dy=0.1 shift=0.5 resp=0.96|c3:dx=-0.1 dy=0.2 shift=0.2 resp=0.82|c4:dx=-0.0 dy=0.6 shift=0.6 resp=0.07|c5:dx=0.3 dy=0.3 shift=0.4 resp=0.88|c6:dx=0.1 dy=0.1 shift=0.1 resp=0.91|c7:dx=-0.2 dy=1.0 shift=1.0 resp=0.08|c8:dx=0.0 dy=0.0 shift=0.0 resp=0.96,65.5|50.4|73.0|80.2|23.0|80.3|67.9|45.4|58.4,69.3,True,False,"grid_shift=(0.0,0.0) mag=0.0px suspect_mean=None h=- applied_shift=(0.0,0.0) method=-"
2026-09-11T08:32:27+09:00,CAM1_20260911_083227,87_11_stream2,ir_on,0,0,0,,,,,,,,False,False,"IR_ON:CAM1|화각변경 감지안함 sat=22.8 (IR ON<=15.0 / OFF>=25.0) applied_shift=(0.0,0.0)"
2026-09-11T08:32:41+09:00,CAM5_20260911_083241,87_10_stream2,normal,0,0,0,9,0,,,c0:dx=-0.1 dy=0.1 shift=0.2 resp=0.75|c1:dx=0.6 dy=-0.1 shift=0.6 resp=0.12|c2:dx=-0.0 dy=-0.0 shift=0.0 resp=0.56|c3:dx=-0.2 dy=-0.5 shift=0.5 resp=0.18|c4:dx=0.9 dy=-0.1 shift=0.9 resp=0.14|c5:dx=-0.0 dy=0.1 shift=0.1 resp=0.42|c6:dx=-0.1 dy=-0.0 shift=0.2 resp=0.55|c7:dx=-0.9 dy=0.3 shift=0.9 resp=0.10|c8:dx=-0.1 dy=0.0 shift=0.2 resp=0.63,62.7|46.2|59.9|46.0|44.4|47.7|49.1|42.4|39.8,51.7,True,False,"grid_shift=(0.0,0.0) mag=0.0px suspect_mean=None h=- applied_shift=(0.0,0.0) method=-"
2026-09-11T08:32:51+09:00,CAM4_20260911_083251,87_9_h264_2,normal,0,0,0,9,8,,,c0:dx=22.8 dy=18.3 shift=29.2 resp=0.02|c1:dx=41.7 dy=-14.0 shift=43.9 resp=-0.01|c2:dx=26.0 dy=6.9 shift=26.9 resp=0.04|c3:dx=-27.3 dy=-21.6 shift=34.8 resp=-0.00|c4:dx=-82.5 dy=-14.7 shift=83.8 resp=-0.03|c5:dx=104.7 dy=26.6 shift=108.0 resp=0.02|c6:dx=-14.6 dy=29.9 shift=33.3 resp=-0.01|c7:dx=4.2 dy=-5.3 shift=6.8 resp=0.10|c8:dx=35.4 dy=-17.4 shift=39.4 resp=0.02,45.6|43.5|57.7|48.1|54.0|66.3|46.6|41.2|52.6,60.6,False,False,"grid_shift=(24.4,-3.5) mag=24.7px suspect_mean=None h=- applied_shift=(0.0,0.0) method=-"
2026-09-11T08:32:57+09:00,CAM6_20260911_083257,87_15_stream2,normal,0,0,0,9,0,,,c0:dx=0.0 dy=0.0 shift=0.0 resp=0.97|c1:dx=0.0 dy=-0.1 shift=0.1 resp=0.54|c2:dx=-0.0 dy=-0.0 shift=0.1 resp=0.91|c3:dx=-0.0 dy=0.0 shift=0.0 resp=0.93|c4:dx=0.0 dy=0.1 shift=0.1 resp=0.81|c5:dx=-0.0 dy=0.1 shift=0.1 resp=0.99|c6:dx=0.1 dy=0.0 shift=0.1 resp=0.95|c7:dx=-0.0 dy=-0.0 shift=0.0 resp=0.84|c8:dx=0.1 dy=0.1 shift=0.1 resp=0.98,76.1|68.3|78.9|52.5|42.8|74.3|29.9|39.0|38.0,65.2,True,False,"grid_shift=(0.0,0.0) mag=0.0px suspect_mean=None h=- applied_shift=(0.0,0.0) method=-"
2026-09-11T08:32:58+09:00,CAM3_20260911_083258,87_16_stream2,normal,0,0,0,9,0,,,c0:dx=-0.1 dy=0.1 shift=0.2 resp=0.37|c1:dx=-1.0 dy=-2.2 shift=2.4 resp=0.06|c2:dx=-0.1 dy=0.2 shift=0.2 resp=0.42|c3:dx=-0.1 dy=-0.1 shift=0.1 resp=0.91|c4:dx=0.3 dy=-0.5 shift=0.6 resp=0.19|c5:dx=-0.3 dy=0.2 shift=0.3 resp=0.41|c6:dx=-0.2 dy=-0.1 shift=0.2 resp=0.29|c7:dx=-0.2 dy=-0.0 shift=0.2 resp=0.54|c8:dx=-0.3 dy=0.3 shift=0.4 resp=0.74,53.9|57.4|45.9|42.3|40.6|51.9|43.1|46.1|44.1,52.4,True,False,"grid_shift=(0.0,0.0) mag=0.0px suspect_mean=None h=- applied_shift=(0.0,0.0) method=-"
2026-09-11T08:33:13+09:00,CAM2_20260911_083313,87_12_stream2,normal,0,0,0,8,0,,,c0:dx=0.2 dy=0.0 shift=0.2 resp=0.94|c1:dx=-0.0 dy=-0.1 shift=0.1 resp=0.30|c2:dx=0.6 dy=0.1 shift=0.6 resp=0.94|c3:dx=0.2 dy=0.1 shift=0.2 resp=0.66|c4:x why=lowstd std=9.8|c5:dx=0.5 dy=0.3 shift=0.6 resp=0.68|c6:dx=0.1 dy=-0.0 shift=0.1 resp=0.88|c7:dx=0.3 dy=3.4 shift=3.4 resp=0.03|c8:dx=0.1 dy=-0.1 shift=0.2 resp=0.91,62.7|59.5|71.1|79.3|9.8|80.7|68.6|32.6|59.2,72.1,True,False,"grid_shift=(0.0,0.0) mag=0.0px suspect_mean=None h=- applied_shift=(0.0,0.0) method=-"
2026-09-11T08:37:27+09:00,CAM1_20260911_083727,87_11_stream2,ir_on,0,0,0,,,,,,,,False,False,"IR_ON:CAM1|화각변경 감지안함 sat=23.1 (IR ON<=15.0 / OFF>=25.0) applied_shift=(0.0,0.0)"
2026-09-11T08:37:41+09:00,CAM5_20260911_083741,87_10_stream2,normal,0,0,0,9,0,,,c0:dx=0.1 dy=0.2 shift=0.2 resp=0.77|c1:dx=-0.1 dy=0.1 shift=0.2 resp=0.40|c2:dx=0.1 dy=0.3 shift=0.3 resp=0.23|c3:dx=0.0 dy=-0.0 shift=0.0 resp=0.74|c4:dx=-0.5 dy=-0.7 shift=0.9 resp=0.09|c5:dx=-0.1 dy=0.1 shift=0.1 resp=0.61|c6:dx=0.1 dy=0.1 shift=0.1 resp=0.51|c7:dx=-0.2 dy=0.0 shift=0.2 resp=0.14|c8:dx=0.0 dy=0.0 shift=0.0 resp=0.59,63.0|42.9|60.8|46.3|29.1|48.4|49.3|34.9|41.3,51.5,True,False,"grid_shift=(0.0,0.0) mag=0.0px suspect_mean=None h=- applied_shift=(0.0,0.0) method=-"
2026-09-11T08:37:51+09:00,CAM4_20260911_083751,87_9_h264_2,normal,0,0,0,9,8,,,c0:dx=-24.4 dy=-2.7 shift=24.5 resp=-0.05|c1:dx=47.3 dy=-26.4 shift=54.2 resp=0.03|c2:dx=12.4 dy=28.2 shift=30.8 resp=0.05|c3:dx=26.5 dy=-8.3 shift=27.7 resp=0.14|c4:dx=10.2 dy=-21.2 shift=23.6 resp=0.01|c5:dx=-51.0 dy=16.8 shift=53.7 resp=0.10|c6:dx=-25.0 dy=28.4 shift=37.9 resp=-0.01|c7:dx=4.3 dy=0.3 shift=4.3 resp=0.06|c8:dx=33.6 dy=-27.5 shift=43.4 resp=0.03,45.6|40.7|57.7|48.1|45.7|74.4|46.6|37.7|57.9,61.3,False,False,"grid_shift=(11.3,-5.5) mag=12.6px suspect_mean=None h=- applied_shift=(0.0,0.0) method=-"
2026-09-11T08:37:58+09:00,CAM6_20260911_083758,87_15_stream2,normal,0,0,0,9,0,,,c0:dx=-0.0 dy=0.0 shift=0.0 resp=0.99|c1:dx=0.1 dy=0.0 shift=0.1 resp=0.56|c2:dx=0.0 dy=0.0 shift=0.0 resp=0.84|c3:dx=-0.0 dy=-0.0 shift=0.0 resp=0.95|c4:dx=0.0 dy=-0.1 shift=0.1 resp=0.87|c5:dx=0.0 dy=0.0 shift=0.0 resp=0.98|c6:dx=0.0 dy=0.0 shift=0.0 resp=0.94|c7:dx=0.1 dy=0.0 shift=0.1 resp=0.96|c8:dx=-0.0 dy=-0.0 shift=0.0 resp=0.98,76.1|69.0|78.9|53.6|42.8|74.3|30.5|39.0|38.0,66.5,True,False,"grid_shift=(0.0,0.0) mag=0.0px suspect_mean=None h=- applied_shift=(0.0,0.0) method=-"
2026-09-11T08:37:58+09:00,CAM3_20260911_083758,87_16_stream2,normal,0,0,0,9,0,,,c0:dx=-0.1 dy=0.0 shift=0.1 resp=0.46|c1:dx=-0.1 dy=-0.0 shift=0.1 resp=0.27|c2:dx=-1.0 dy=-0.8 shift=1.3 resp=0.08|c3:dx=0.1 dy=-0.1 shift=0.2 resp=0.38|c4:dx=0.1 dy=-0.1 shift=0.2 resp=0.48|c5:dx=0.1 dy=0.1 shift=0.1 resp=0.40|c6:dx=0.1 dy=0.1 shift=0.2 resp=0.27|c7:dx=0.2 dy=-0.3 shift=0.4 resp=0.51|c8:dx=0.0 dy=-0.1 shift=0.1 resp=0.93,55.1|49.8|49.6|45.0|40.6|51.9|33.3|46.5|44.1,60.7,True,False,"grid_shift=(0.0,0.0) mag=0.0px suspect_mean=None h=- applied_shift=(0.0,0.0) method=-"
2026-09-11T08:38:13+09:00,CAM2_20260911_083813,87_12_stream2,normal,0,0,0,8,4,,,c0:dx=-37.4 dy=17.4 shift=41.2 resp=0.11|c1:dx=-19.1 dy=12.9 shift=23.0 resp=0.09|c2:dx=32.9 dy=18.9 shift=38.0 resp=0.15|c3:dx=-0.0 dy=0.0 shift=0.1 resp=0.20|c4:x why=lowstd std=9.8|c5:dx=0.4 dy=-4.1 shift=4.1 resp=0.09|c6:dx=-0.0 dy=-0.1 shift=0.1 resp=0.46|c7:dx=82.2 dy=7.7 shift=82.6 resp=0.02|c8:dx=-0.0 dy=0.2 shift=0.2 resp=0.38,32.0|33.1|23.9|22.0|9.8|30.4|23.6|32.6|41.8,40.2,False,False,"grid_shift=(6.9,15.1) mag=16.6px suspect_mean=None h=- applied_shift=(0.0,0.0) method=-"
